Inflation,Unemployment,Trade,Debt,Credit_to_Private_Sector,NPLs,GDP_Growth,GDP,Country,Country Code,Region,Period,Cluster,Cluster_Margin,raw_Inflation,raw_Unemployment,raw_Trade,raw_Debt,raw_Credit_to_Private_Sector,raw_NPLs,raw_GDP_Growth,raw_GDP
0.7113179405730222,-0.9718437184907467,-0.2338018978591712,-0.08890050178728166,-0.9963461009311882,-0.18603008707705643,1.8754136818603784,-0.6000719726272674,Afghanistan,AFG,Unknown,2000–2009,0,1.2513662015892268,8.768167600226267,2.494,71.23634945201255,44.680100611376346,7.913824376824882,3.662236973313095,9.460374747934816,9.767557428255042
1.1789680144309345,-0.21724131560233734,-0.46891311273289066,-0.08890050178728166,0.8551413395115611,-0.18603008707705643,0.11757428889849487,0.8802270020192777,Africa Eastern and Southern,AFE,Unknown,2000–2009,0,0.4895408284663407,10.688195610503925,6.847417784313433,59.46250667279439,44.680100611376346,79.57196073514274,3.662236973313095,4.3704581417987,11.650788153301225
0.056342316618449254,-0.21724131560233734,-0.2338018978591712,-0.08890050178728166,-0.9298667375022843,-0.18603008707705643,0.7453428452707187,0.7274717234461754,Africa Western and Central,AFW,Unknown,2000–2009,0,1.4998356249451428,6.07903823974645,6.847417784313433,71.23634945201255,44.680100611376346,10.486775824156009,3.662236973313095,6.188195082205499,11.456453468924007
-0.7438005820145083,0.8540911138861141,-0.27544545739662263,-0.08890050178728166,-0.23678985049022155,-0.18603008707705643,0.6389821510091718,-0.5283052948843883,Albania,ALB,Unknown,2000–2009,1,0.24908665509875516,2.793896499200475,13.0281,69.15093330959539,44.680100611376346,37.3109373018231,3.662236973313095,5.880222086418987,9.85885872270615
-0.4143459158370473,1.8400068288571463,-0.40083071976156825,-0.08890050178728166,-0.9231015952130003,5.398967323586606,-0.06907682652844682,0.3559370493127962,Algeria,DZA,Unknown,2000–2009,0,0.1351990025462273,4.146536480541725,18.716,62.871920346692676,44.680100611376346,10.748607191768752,21.1415508110567,3.829999999963202,10.983788469669335
-0.17200952292757174,-0.10152553341900641,2.5947140966965123,-0.08890050178728166,-0.28950477781798095,-0.18603008707705643,-1.7915867613100942,-1.4177035156477364,American Samoa,ASM,Unknown,2000–2009,1,1.3273326350872452,5.141495507186114,7.515000000000001,212.88209202660474,44.680100611376346,35.270710958365925,3.662236973313095,-1.1576182980354572,8.727369689186503
-0.17200952292757174,-0.21724131560233734,-0.2338018978591712,-0.08890050178728166,-0.28950477781798095,-0.18603008707705643,-0.22028794869043983,-0.8697012244546114,Andorra,AND,Unknown,2000–2009,1,0.5127515116184609,5.141495507186114,6.847417784313433,71.23634945201255,44.680100611376346,35.270710958365925,3.662236973313095,3.3921602264285022,9.424536119648305
6.108192872294719,0.9727220172645445,0.5049970492141408,-0.08890050178728166,-0.28950477781798095,-0.18603008707705643,1.6296079011298885,-0.054643383415568514,Angola,AGO,Unknown,2000–2009,0,0.6282584603603221,30.926083563732245,13.7125,108.23374514394133,44.680100611376346,35.270710958365925,3.662236973313095,8.748631155070925,10.461449604845466
-0.9214097082744684,0.05534320935930952,-0.2338018978591712,-0.08890050178728166,0.286603658304164,-0.18603008707705643,-0.31957992287981885,-1.1625348871070609,Antigua and Barbuda,ATG,Unknown,2000–2009,1,0.9781580763091309,2.0646878101333663,8.42,71.23634945201255,44.680100611376346,57.56784134718772,3.662236973313095,3.1046550821553374,9.051994247850699
-0.17200952292757174,0.32172783902700686,0.020099442256090512,-0.08890050178728166,-0.3473212759913937,-0.18603008707705643,0.18658694033159795,1.2014715547243922,Arab World,ARB,Unknown,2000–2009,0,0.8490136960319437,5.141495507186114,9.956814062377953,83.95115959646066,44.680100611376346,33.03303846900779,3.662236973313095,4.570287911212937,12.059474251359518
-0.17200952292757174,0.8029051031209908,-0.9295378100403875,-0.08890050178728166,-0.8367729884186891,-0.2724038376031707,-0.5001012391306532,0.6358846022143897,Argentina,ARG,Unknown,2000–2009,0,0.17168723269119157,5.141495507186114,12.732800000000001,36.39545404735353,44.680100611376346,14.089784097517054,3.391913859123948,2.581946096894478,11.339936681655805
-0.17200952292757174,2.4364113887626613,-0.3200635594957219,-0.08890050178728166,-0.5586256826517008,-0.33554747250180644,1.6059056369858158,-0.6965506683188694,Armenia,ARM,Unknown,2000–2009,1,0.1546762045346055,5.141495507186114,22.156750000000002,66.91655874135517,44.680100611376346,24.8549219693588,3.194293819203822,8.680000000055868,9.644817598564767
-0.5499080577386899,-0.27572783893525793,1.1126809328528298,-0.08890050178728166,0.13035398758109426,-0.18603008707705643,-0.9339882654820666,-0.9234822268073258,Aruba,ABW,Unknown,2000–2009,1,1.2040560553090998,3.589959834595399,6.510000000000001,138.665192275332,44.680100611376346,51.52050882629385,3.662236973313095,1.3256033448459326,9.356116133017837
-0.6541889877210063,-0.4559448907215732,-0.8273457346715398,-1.4842036123407931,1.5266805261273848,-1.0321307502430526,-0.27273746122603343,0.9892506542268292,Australia,AUS,Unknown,2000–2009,2,1.1577898779419937,3.161814266581044,5.4703,41.513004179196756,23.702471030118012,105.56254838555815,1.0142036901528018,3.240289898622934,11.789487628954806
-0.9407339913405345,-0.5413820214568571,0.19070980151362144,-0.08890050178728166,1.1947786194527685,-0.6264537498773537,-0.8071167056540882,0.7340467134454213,Austria,AUT,Unknown,2000–2009,2,1.6801385144402825,1.9853482208988436,4.9774,92.49494406664431,44.680100611376346,92.71694567361754,2.283847180516365,1.692966632868925,11.464818146192265
1.4579728005348014,0.012009302514470833,0.2626470320040101,-2.699192056548818,-0.28950477781798095,-0.18603008707705643,4.056315876494591,-0.3095069793858124,Azerbaijan,AZE,Unknown,2000–2009,0,1.1473522972765213,11.833703831857727,8.17,96.09739936517668,5.435775187954745,35.270710958365925,3.662236973313095,15.775291993089581,10.137213107457145
-0.17200952292757174,0.23310852499391452,-0.07797243459198618,-1.4526538798067397,0.15655046253729793,-0.18603008707705643,-1.0479385585208827,-0.4387349003323668,"Bahamas, The",BHS,Unknown,2000–2009,1,0.539451752146392,5.141495507186114,9.445555555555556,79.03993977356836,24.176804239498303,52.534391250508406,3.662236973313095,0.9956542658034628,9.972809837963224
-0.17200952292757174,-0.635688158459718,1.0591541738389811,-1.6284596990334084,0.06591429179536383,-0.18603008707705643,0.4984081547955466,-0.28893123223489003,Bahrain,BHR,Unknown,2000–2009,0,0.36379954267487635,5.141495507186114,4.433333333333334,135.9846921322459,21.533658584570528,49.02649865553181,3.662236973313095,5.473182671678689,10.163389494720164
-0.17200952292757174,-0.6958587325773381,-0.9772363442668137,-0.964888367504469,-0.45435598156230417,-0.18603008707705643,0.5252197497632651,0.2399526241233172,Bangladesh,BGD,Unknown,2000–2009,0,1.2682859682785632,5.141495507186114,4.0862,34.0068183411294,31.510095595475196,28.890473221555403,3.662236973313095,5.550817057965392,10.836233525104301
-0.17200952292757174,0.34793374837566043,-0.2338018978591712,1.6072613444031913,0.5388476890809828,-0.18603008707705643,-0.9021620397002033,-0.7542842114297791,Barbados,BRB,Unknown,2000–2009,1,1.0484589255192085,5.141495507186114,10.108,71.23634945201255,70.180978986923,67.33044451594301,3.662236973313095,1.417757858942236,9.571369204615698
1.2066510428091548,-1.0054708302023416,0.9306661021320248,-2.311386883000704,-0.4310823332313543,-0.18603008707705643,1.110784622030119,-0.0895549805137662,Belarus,BLR,Unknown,2000–2009,0,0.9451392670126757,10.801853648568608,2.3,129.5502974305931,11.266216773626212,29.791233458554867,3.662236973313095,7.246351006774594,10.417035203807691
-0.9084921708411534,-0.12586185550306805,1.1998773668876357,-0.08890050178728166,0.44678187616271847,-0.7791785565651026,-0.762421746090574,0.8010352745294327,Belgium,BEL,Unknown,2000–2009,2,0.6000823902848618,2.1177232635251917,7.374599999999999,143.0317942929588,44.680100611376346,63.76722046595499,1.8058657902641775,1.822383243853843,11.550040738804116
-0.17200952292757174,0.21654534282210938,0.23274100919134835,1.2896800884346282,-0.14905452761116678,-0.18603008707705643,0.16548439976508317,-1.0812081643536073,Belize,BLZ,Unknown,2000–2009,1,0.8328691514201441,5.141495507186114,9.35,94.5997727592442,65.40631612028861,40.70655835383788,3.662236973313095,4.50918439283053,9.155457795201453
-1.2060425889558735,-1.2845411902831028,-0.7749765579380836,-0.08890050178728166,-0.9610593101694891,-0.18603008707705643,0.07826167794992188,-0.589552827357484,Benin,BEN,Unknown,2000–2009,0,0.31209726994506815,0.896072355749065,0.69,44.13553519571155,44.680100611376346,9.279529381793537,3.662236973313095,4.2566264048955045,9.780939844856398
-0.17200952292757174,-0.781001192746077,-0.2338018978591712,-0.08890050178728166,-0.28950477781798095,-0.18603008707705643,-0.5676229613049617,-0.6571391240509143,Bermuda,BMU,Unknown,2000–2009,1,0.22316746299388157,5.141495507186114,3.595,71.23634945201255,44.680100611376346,35.270710958365925,3.662236973313095,2.3864333917258698,9.694956815275805
-0.17200952292757174,-0.906917144920937,0.12822553375269055,1.0268487196347316,-0.7478683288117394,-0.18603008707705643,1.196610433236075,-1.2789028252600172,Bhutan,BTN,Unknown,2000–2009,0,0.2320048132649979,5.141495507186114,2.8685714285714288,89.36587195842135,61.45478827281458,17.530662000248704,3.662236973313095,7.494864166418964,8.903951399552268
0.4232180254139215,-0.6213205609013849,-0.41955249810503104,1.2110746164719166,-0.09329282838143636,-0.18603008707705643,-0.11914896748955457,-0.4015325466166512,Bolivia,BOL,Unknown,2000–2009,0,0.13169450493844703,7.585317563871608,4.516222222222222,61.93437564095971,64.22452525246806,42.86470393975663,3.662236973313095,3.68501347684672,10.02013853085663
-0.5309050122257579,2.883036633049675,-0.018562144428158067,-0.08890050178728166,0.3344655727745478,1.3870533460076855,0.012605724017368296,-0.4049488857136886,Bosnia and Herzegovina,BIH,Unknown,2000–2009,1,0.6881830378561204,3.6679805207986824,24.7334,82.01507397221705,44.680100611376346,59.42024148697412,8.585501390113595,4.066516130002912,10.015792277251846
-0.17200952292757174,1.791160849061644,0.15930127869218638,-2.4085355424111277,-0.6522581623080623,-0.18603008707705643,-0.5815721440013595,-0.4866779573839193,Botswana,BWA,Unknown,2000–2009,1,0.5036670401239167,5.141495507186114,18.4342,90.92207562723071,9.805639085514233,21.23106320141678,3.662236973313095,2.3460427980614567,9.911816863139551
0.2540529669115258,0.3242060269388418,-1.1315373599833636,-0.08890050178728166,-0.30145751499027323,-0.25127601620828155,-0.2198433392069116,1.1103639386902446,Brazil,BRA,Unknown,2000–2009,0,0.8604522839139563,6.890777631470049,9.97111111111111,26.2797692478052,44.680100611376346,34.80810405570045,3.458037402917172,3.3934476166204144,11.943567488779895
-0.17200952292757174,-0.21724131560233734,0.08013105420364594,-0.08890050178728166,-0.31087016281608093,-0.18603008707705643,-1.145899136046709,-0.4388627973911984,Brunei Darussalam,BRN,Unknown,2000–2009,1,0.8889361988972431,5.141495507186114,6.847417784313433,86.95740819771595,44.680100611376346,34.443806255639075,3.662236973313095,0.7120042507385204,9.97264712781145
0.22677937701084552,0.6474057117989714,0.2524151411589421,-0.08890050178728166,-0.2190843685497942,0.05398827879706982,0.3117203577675803,-0.07596373608272419,Bulgaria,BGR,Unknown,2000–2009,0,0.10274497839707575,6.77880062242537,11.8357,95.58500920034062,44.680100611376346,37.99619274102472,4.413420194262465,4.932618316334185,10.434325933276893
-0.17200952292757174,-0.865372309372978,-0.9720157386521426,-0.08890050178728166,-0.8774789941296454,-0.18603008707705643,0.4359787025152773,-0.6228604813684346,Burkina Faso,BFA,Unknown,2000–2009,0,0.7385997209318809,5.141495507186114,3.10825,34.26825457143622,44.680100611376346,12.514339163825987,3.662236973313095,5.292414902367346,9.738565974113424
1.2685121749619932,-0.9864905790043023,-1.0104330231604366,-0.08890050178728166,-0.775483178298464,-0.18603008707705643,-0.4353070897409821,-1.1720402430350105,Burundi,BDI,Unknown,2000–2009,0,0.24564190826513244,11.05583651550391,2.4095,32.34440305270671,44.680100611376346,16.46188421282772,3.662236973313095,2.769560971313271,9.039901570193951
-0.435704340504875,0.9388349021118806,0.1723490718987939,-0.08890050178728166,-0.15388803098699025,-0.18603008707705643,1.085903617558982,-1.2064809739728435,Cabo Verde,CPV,Unknown,2000–2009,1,0.4180452152364731,4.058845328738134,13.517,91.57547987216586,44.680100611376346,40.51948722582076,3.662236973313095,7.1743067470190995,8.996086203294395
0.08161667647849244,-1.009952794281722,0.8041510312196599,-0.08890050178728166,-0.9235950165755537,-0.18603008707705643,1.7021234150556204,-0.55335146913712,Cambodia,KHM,Unknown,2000–2009,0,0.8748360283700451,6.182807022402228,2.274142857142857,123.2147061874281,44.680100611376346,10.729510299989942,3.662236973313095,8.958603647444738,9.826995075088028
-0.17200952292757174,0.43928162400458026,-0.7088277311434129,-0.08890050178728166,-0.9866742001055885,-0.18603008707705643,0.02168631124056732,-0.21975498462077128,Cameroon,CMR,Unknown,2000–2009,0,0.13246676103421895,5.141495507186114,10.635,47.44812020841926,44.680100611376346,8.288156048250766,3.662236973313095,4.092809448883967,10.251395253814483
-0.9093387341446396,-0.1801505739982817,-0.2456268162860978,0.23463367679078914,1.8000290770208878,-1.1400939605445326,-0.670334593763885,1.1760522337447918,Canada,CAN,Unknown,2000–2009,2,2.254000509492963,2.1142475338161004,7.061400000000001,70.64418403569886,49.54426245818473,116.14196000100567,0.6763122468753666,2.0890264467062005,12.027135887894783
-0.6352883336458728,0.2591351034069765,-0.2338018978591712,-1.251413837634561,-0.036037487449482,-0.18603008707705643,-0.14110355370096012,0.026860091036430615,Caribbean small states,CSS,Unknown,2000–2009,0,0.09049703864618852,3.2394145648926638,9.59570690531876,71.23634945201255,27.202339716108902,45.08065795495797,3.662236973313095,3.621442815393974,10.565138015034814
-0.17200952292757174,-0.6343399924689898,-0.2338018978591712,-0.08890050178728166,-0.28950477781798095,-0.18603008707705643,-1.8977729971971182,-0.699105031831294,Cayman Islands,CYM,Unknown,2000–2009,1,0.8674958292720023,5.141495507186114,4.441111111111111,71.23634945201255,44.680100611376346,35.270710958365925,3.662236973313095,-1.4650861404040176,9.641567947020096
-0.3087590969179459,-0.21724131560233734,-0.9255460951423242,-0.08890050178728166,-1.0343934368362793,-0.18603008707705643,-0.45527356236589883,-1.1067675604892682,Central African Republic,CAF,Unknown,2000–2009,1,0.4038180019411175,4.58004362867143,6.847417784313433,36.595350184398725,44.680100611376346,6.441277966407014,3.662236973313095,2.7117469975302124,9.122941228655971
-0.2714863291467544,0.5170815510612808,0.16511140575478844,-0.08890050178728166,-0.3538519578225271,-0.18603008707705643,-0.058910646468921066,1.0806367012078724,Central Europe and the Baltics,CEB,Unknown,2000–2009,0,0.4764461781455229,4.733074200335588,11.08383979267823,91.21303377058895,44.680100611376346,32.780281426780036,3.662236973313095,3.8594367101160914,11.905748610326023
-0.17200952292757174,-0.21724131560233734,-0.07660538385118489,-0.08890050178728166,-1.1226418395071398,-0.18603008707705643,1.7356840983372062,-0.658067247825647,Chad,TCD,Unknown,2000–2009,0,0.8330762535306064,5.141495507186114,6.847417784313433,79.10839861123824,44.680100611376346,3.025799182235479,3.662236973313095,9.055780374643001,9.693776059739823
-0.6037650301118558,0.3008731255421654,-0.28038210060425667,-2.186379189919998,0.9313483776918607,-0.9115010245352692,0.07433545122762845,0.4061191701648007,Chile,CHL,Unknown,2000–2009,2,0.3312859660083056,3.368839596866864,9.8365,68.9037172803005,13.1456400046218,82.52140247269057,1.3917374074973046,4.245257808496271,11.047629972943389
-0.9681733608233004,-0.7002787910755116,-0.6252543827200187,-0.08890050178728166,1.6941084557383181,-0.18603008707705643,2.191213895824939,1.443085180327676,China,CHN,Unknown,2000–2009,2,0.6034715551264904,1.872690571651308,4.0607,51.633286217613545,44.680100611376346,112.04251316856639,3.662236973313095,10.37479091116072,12.366854186844884
0.1019880087478287,0.8906475977004199,-0.9366015547644279,0.33958381783433184,-0.5556442713751766,-0.29649612784532475,-0.04265860401375903,0.48381480661939175,Colombia,COL,Unknown,2000–2009,0,0.3036026661161,6.266445475062203,13.238999999999999,36.04171754074727,51.12213121419925,24.97031155890001,3.316512445076994,3.906495355580155,11.146474066116014
-0.17200952292757174,-0.6118256204238269,-0.9422827492156164,-0.08890050178728166,-1.0623614306178426,-0.18603008707705643,-0.13934500959428114,-1.3785667649803288,Comoros,COM,Unknown,2000–2009,1,0.1463045347527785,5.141495507186114,4.571,35.75721605364302,44.680100611376346,5.358832431919028,3.662236973313095,3.626534772535819,8.777159314524136
-0.17200952292757174,-0.8931493436605196,-0.63414618416938,-0.08890050178728166,-1.1493447906610041,-0.18603008707705643,-0.25040912079951916,-0.33202572968680305,"Congo, Dem. Rep.",COD,Unknown,2000–2009,0,0.459777897531231,5.141495507186114,2.948,51.18800472670281,44.680100611376346,1.992314604832385,3.662236973313095,3.3049427851035817,10.10856483897706
-0.4477311236769204,2.0327560465029886,1.0209787920297333,0.9451799062300146,-1.1140355856986328,-0.18603008707705643,0.242504979518564,-0.6234753501806084,"Congo, Rep.",COG,Unknown,2000–2009,1,0.9695875688662974,4.0094670395969265,19.828,134.0729545586039,60.2269417189103,3.358887106826969,3.662236973313095,4.732201540740114,9.737783740349306
1.2315395724619915,-0.3345463951593191,0.017141762228910087,-0.47212810104264463,-0.09222821612412102,-0.7817622891661424,0.08984815354028479,-0.16813116381289153,Costa Rica,CRI,Unknown,2000–2009,0,0.5726899660413836,10.904038330533593,6.1706666666666665,83.80304560857641,38.9184803858579,42.90590763827332,1.797779506657285,4.290175655612096,10.317070882288718
-0.6863569305144055,-0.21724131560233734,-0.4743264633345664,-0.08890050178728166,-0.9340535721414848,-0.18603008707705643,-1.1635861850195732,-0.12610842483980225,Cote d'Ivoire,CIV,Unknown,2000–2009,1,0.46447298538125525,3.029742543194336,6.847417784313433,59.19141820546139,44.680100611376346,10.324732722522105,3.662236973313095,0.66079046827297,10.370532050971628
-0.5386574513813286,0.7780834412802672,-0.062180090119663786,-0.08890050178728166,-0.28950477781798095,0.4915239153443282,-0.31390965262660947,0.05867533519030366,Croatia,HRV,Unknown,2000–2009,1,0.40164868384158847,3.636151379398415,12.5896,79.83078499561465,44.680100611376346,35.270710958365925,5.78277135847324,3.121073648515066,10.605613247634178
-0.17200952292757174,-0.9547181585056663,-0.9865319594860875,-0.08890050178728166,-0.28950477781798095,-0.18603008707705643,0.5486180124361141,0.07097609608128325,Cuba,CUB,Unknown,2000–2009,0,1.2284520718452678,5.141495507186114,2.5928,33.541314761529335,44.680100611376346,35.270710958365925,3.662236973313095,5.618567960698661,10.621262228852226
-0.7733135890564208,-0.21724131560233734,1.2869379927824414,-0.08890050178728166,-0.28950477781798095,-0.18603008707705643,-1.1371125152625927,-0.9071215000862507,Curacao,CUW,Unknown,2000–2009,1,1.2707908935602399,2.6727251290763876,6.847417784313433,147.3915953432674,44.680100611376346,35.270710958365925,3.662236973313095,0.7374463743022308,9.376930187322353
-0.7901536492392798,-0.6338739122264807,0.6792696380391083,-0.08890050178728166,3.1838660445167424,-0.0615707292033245,-0.09368980008409893,-0.2378516782355995,Cyprus,CYP,Unknown,2000–2009,2,1.8323586325656662,2.6035849983390733,4.4438,116.96092586415739,44.680100611376346,169.70061557081388,4.05175625440807,3.758731837849589,10.228372709030698
-0.7461587007969112,-0.16158632830595296,0.5598538011789959,-0.08890050178728166,-0.30905346222700536,-0.18760328802148582,-0.25973138150014563,0.44143283759808105,Czechia,CZE,Unknown,2000–2009,0,0.01541053031379569,2.784214785528489,7.1685,110.98084835362734,44.680100611376346,34.51411803615166,3.657313341122145,3.277949687931662,11.092555886332132
-0.9115593544615754,-0.6044415226974664,0.13082379690391296,-0.08890050178728166,2.9283501814835264,-0.18603008707705643,-1.0423063259037573,0.6725124838213812,Denmark,DNK,Unknown,2000–2009,2,2.4036285441882823,2.105130346741724,4.6136,89.49598715457633,44.680100611376346,159.81138264651761,3.662236973313095,1.0119626921832041,11.386534533317569
-0.17200952292757174,-0.21724131560233734,-0.2338018978591712,-0.08890050178728166,-0.5728061130655092,-0.18603008707705643,-0.02066209847511995,-1.3155625982724615,Djibouti,DJI,Unknown,2000–2009,1,0.5794461970045648,5.141495507186114,6.847417784313433,71.23634945201255,44.680100611376346,24.3060966335686,3.662236973313095,3.9701873966541896,8.85731297576579
-0.8793117839342542,0.4956157029028707,-0.2338018978591712,-0.08890050178728166,-0.03231308015971624,-0.18603008707705643,-0.5024550572022178,-1.5100512112890991,Dominica,DMA,Unknown,2000–2009,1,1.3891889616361974,2.237528997222154,10.96,71.23634945201255,44.680100611376346,45.224803726403294,3.662236973313095,2.575130492614446,8.609885302047376
1.7599303625469966,-0.3408327005789436,-0.29231006811637245,-0.08890050178728166,-0.6625447061767198,-0.18603008707705643,0.09796381765866333,-0.020628869180093084,Dominican Republic,DOM,Unknown,2000–2009,0,0.888694524496022,13.073449123023277,6.1344,68.30639139672364,44.680100611376346,20.83294299433625,3.662236973313095,4.313674988788579,10.504722740477451
0.22955165358620597,-0.4160447429091191,-0.5844786749268082,-0.08890050178728166,-0.3285966806951858,-0.18603008707705643,0.012138174450310133,1.6842833691720853,Early-demographic dividend,EAR,Unknown,2000–2009,0,0.9389630970003244,6.790182741181425,5.700490113917725,53.675242289451546,44.680100611376346,33.75773666229887,3.662236973313095,4.065162315590122,12.673705605265775
-0.32327096486179757,-0.6643644084527464,-0.43138207501291753,-0.08890050178728166,2.4980872329952737,-0.18603008707705643,0.3725039541745719,1.9507238092245247,East Asia & Pacific,EAS,Unknown,2000–2009,2,1.9422951932495238,4.520462342382333,4.267895619075844,61.341976938358755,44.680100611376346,143.1589115796168,3.662236973313095,5.108620423222531,13.012670119661516
0.11647759563519346,-0.6693095661398859,-0.45621372385169734,-0.08890050178728166,1.536261368516399,-0.18603008707705643,1.7602235868217269,1.546203583794276,East Asia & Pacific (IDA & IBRD countries),TEA,Unknown,2000–2009,2,0.3192561172167192,6.325935282155754,4.2393662407714245,60.09846360985343,44.680100611376346,105.93335582143001,3.662236973313095,9.126835756860253,12.498041027511567
0.18573122624455254,-0.6693095661398859,-0.4562362204772008,-0.08890050178728166,1.536261368516399,-0.18603008707705643,1.7604169446937852,1.5466087628088687,East Asia & Pacific (excluding high income),EAP,Unknown,2000–2009,2,0.2894435817875016,6.610269484193734,4.2393662407714245,60.097337029261,44.680100611376346,105.93335582143001,3.662236973313095,9.127395634769382,12.498556494712783
2.9168139868456877,-0.658568461273793,-0.43152089835287283,-0.08890050178728166,-0.6381428565796808,0.34428026808378726,-0.03657237905246012,0.023249355992616155,Ecuador,ECU,Unknown,2000–2009,0,0.8656201960411112,17.823259050263687,4.301333333333333,61.33502497658357,44.680100611376346,21.77736801587549,5.3219443012991565,3.924118340719314,10.560544451645947
-0.17200952292757174,0.28454490944303035,-0.5748023647643135,2.6453800576125954,0.07644896303597944,-0.18603008707705643,0.3285771213230281,0.39253788075663776,"Egypt, Arab Rep.",EGY,Unknown,2000–2009,0,0.06503873877501132,5.141495507186114,9.7423,54.15981021870731,85.7885338345865,49.43422213869493,3.662236973313095,4.981427963614882,11.030351908216428
-0.17200952292757174,-0.23880735030345535,-0.2463718079942252,0.2741919075503319,0.07498842248370845,-0.34389974082333824,-0.8756136187359941,-0.28960311587705695,El Salvador,SLV,Unknown,2000–2009,1,0.60983534472028,5.141495507186114,6.723000000000001,70.60687652041072,50.13899911826029,49.3776948235399,3.16815380363813,1.494630211031657,10.162534726906191
-0.17200952292757174,-0.21724131560233734,0.8779067149731009,-0.08890050178728166,-1.1121227146523869,-0.18603008707705643,5.925932829125096,-0.6541039119252513,Equatorial Guinea,GNQ,Unknown,2000–2009,0,0.9725023683422629,5.141495507186114,6.847417784313433,126.90822555039499,44.680100611376346,3.432920973475828,3.662236973313095,21.1888664142847,9.698818200597271
-0.17200952292757174,-0.21724131560233734,-0.5468969751866776,-0.08890050178728166,-0.5365177157720549,-0.18603008707705643,-1.2349811922836824,-1.1856762565497005,Eritrea,ERI,Unknown,2000–2009,1,1.0183767307786398,5.141495507186114,6.847417784313433,55.557249595456675,44.680100611376346,25.71056682584673,3.662236973313095,0.4540624619922067,9.022553885666817
-0.37393788823833785,0.25292849100903614,0.9176290519850897,-0.08890050178728166,0.7279518780670564,-0.21438397394368894,0.14157028402000904,-0.3459446315731827,Estonia,EST,Unknown,2000–2009,1,0.45368241752537597,4.3124394690509655,9.5599,128.89743117401218,44.680100611376346,74.64934577570675,3.57349808041487,4.43993981033951,10.090857264939462
0.8637306620923673,3.49085534401812,-0.2338018978591712,-0.08890050178728166,-0.7965422878689964,0.5191082389010493,-0.2344270483534465,-0.8889714796749408,Eswatini,SWZ,Unknown,2000–2009,1,0.7743691180144925,9.393927566488356,28.24,71.23634945201255,44.680100611376346,15.646833290943476,5.86910175632252,3.3512197181780357,9.400020574253787
1.9255263118325998,-0.9713237116086086,-0.2338018978591712,-0.08890050178728166,-0.7329837005751696,-0.18603008707705643,1.4056408593108891,-0.3243328447312395,Ethiopia,ETH,Unknown,2000–2009,0,1.282135508458766,13.753335385830711,2.497,71.23634945201255,44.680100611376346,18.10674191120069,3.662236973313095,8.100122781697348,10.118351697956694
-0.8144524670632851,0.1068869102525268,-0.23335500152839472,-0.08890050178728166,1.2636429237745856,-0.18603008707705643,-0.9035139614450683,1.9345549797186399,Euro area,EMU,Unknown,2000–2009,2,1.762689057701515,2.5038214925753612,8.717363569581751,71.25872901880606,44.680100611376346,95.38220151144998,3.662236973313095,1.4138432982793354,12.99210019626426
-0.6925880106121012,0.050786034421648925,-0.26593797640555844,-0.08890050178728166,1.3785102455180687,-0.18603008707705643,-0.6995328431252834,2.089216184267154,Europe & Central Asia,ECS,Unknown,2000–2009,2,1.7880908187524984,3.004159636250341,8.393708954087742,69.62704665227587,44.680100611376346,99.82791257856958,3.662236973313095,2.004481376838201,13.188859592417973
0.534077321885444,0.15197365712040845,-0.39718663242866203,-1.716118361571493,-0.06754209571241723,-0.18603008707705643,0.36411650553559205,1.353380458114835,Europe & Central Asia (IDA & IBRD countries),TEC,Unknown,2000–2009,0,0.9429185744617605,8.040471890415498,8.977475974339757,63.054408074274804,20.21575788012575,43.86133479590865,3.662236973313095,5.084334123642725,12.252732180448648
0.714125364135508,0.10254212081936516,-0.3349083551695763,-0.5203365827486696,-0.08466788689418628,-0.18603008707705643,0.4249279733865893,1.025713537418185,Europe & Central Asia (excluding high income),ECA,Unknown,2000–2009,0,1.3600152333408337,8.779694021749561,8.69229780844049,66.17316463977029,38.193691869115696,43.1985151337597,3.662236973313095,5.260416933766104,11.83587557025979
-0.7933688596318187,0.16130225609973284,-0.19637447509693423,-0.08890050178728166,1.2120180893734271,-0.18603008707705643,-0.8484573141626007,1.9751036962608468,European Union,EUU,Unknown,2000–2009,2,1.7037791386312087,2.590384328954626,9.031294102328577,73.11063091268466,44.680100611376346,93.38416504509989,3.662236973313095,1.573262722148901,13.043686119217227
-0.17200952292757174,-0.7229337575739934,0.3684644288894348,-0.08890050178728166,-0.28950477781798095,-0.18603008707705643,-2.964309308964178,-1.0235432102710178,Faroe Islands,FRO,Unknown,2000–2009,1,1.146577829174341,5.141495507186114,3.93,101.39649747457267,44.680100611376346,35.270710958365925,3.662236973313095,-4.55329824103478,9.228818930449581
-0.6616855712211773,-0.155664027703825,0.8040339120386663,-0.08890050178728166,0.5478614856648679,-0.13567460199433995,-1.0067704695602855,-0.8892542978983755,Fiji,FJI,Unknown,2000–2009,1,1.057009378546724,3.13103559015965,7.2026666666666666,123.20884112129679,44.680100611376346,67.67930557252124,3.8198340610990367,1.1148586370801599,9.399660773985667
-1.0096627307469277,0.20238382206521616,-0.15596941986621984,-0.08890050178728166,0.5718616392865893,-1.2277461765111668,-0.6694254244676573,0.589288629403473,Finland,FIN,Unknown,2000–2009,2,0.5536352513595209,1.7023479226595764,9.2683,75.13402553478966,44.680100611376346,68.60818375083318,0.40198793142820505,2.0916589943195874,11.280657462279269
-0.17200952292757174,-0.21724131560233734,-0.2338018978591712,-0.08890050178728166,-0.7975675588941689,-0.18603008707705643,0.42207096065009836,1.0479679083743745,Fragile and conflict affected situations,FCS,Unknown,2000–2009,0,1.2988774085516244,5.141495507186114,6.847417784313433,71.23634945201255,44.680100611376346,15.60715221651584,3.662236973313095,5.252144302813793,11.864187496343018
-1.0033127704116442,0.10353051377076991,-0.5392857403850264,-0.08890050178728166,0.9472764161228987,-0.10585028574436305,-0.8518970773678203,1.395282772741028,France,FRA,Unknown,2000–2009,2,1.3257023290358765,1.728418915458351,8.697999999999999,55.938403178276985,44.680100611376346,83.13786549851531,3.91317494300063,1.5633027065015543,12.306040145735485
-0.17200952292757174,0.6282174578480773,-0.6225778635067268,-0.08890050178728166,-0.28950477781798095,-0.18603008707705643,-1.2008782306187957,-0.6402166885942779,French Polynesia,PYF,Unknown,2000–2009,1,1.1317495329719436,5.141495507186114,11.725000000000001,51.76732030199263,44.680100611376346,35.270710958365925,3.662236973313095,0.5528093848291407,9.716485473297174
-0.17200952292757174,1.5269626858100314,0.06581456967751165,-0.08890050178728166,-0.9397586794427538,-0.18603008707705643,-1.1970224365004665,-0.47987971728184403,Gabon,GAB,Unknown,2000–2009,1,1.299583896090912,5.141495507186114,16.91,86.24047073451433,44.680100611376346,10.103927899327942,3.662236973313095,0.5639740399115702,9.920465558339469
-0.42380509507543773,-0.21724131560233734,-0.6433346751065213,-0.08890050178728166,-0.9913916281077988,2.617133898515713,-0.18209259214254148,-1.230081392253692,"Gambia, The",GMB,Unknown,2000–2009,1,0.01623560046679451,4.107699986959849,6.847417784313433,50.7278656910967,44.680100611376346,8.105577386543992,12.435272919450421,3.502756894331628,8.966061840924592
0.4105279967182034,0.986848870895962,-0.09707308892399424,-0.5446752339172373,-0.3332978932530664,-0.5588988698256082,0.6572256069643304,-0.5999229678666022,Georgia,GEO,Unknown,2000–2009,1,0.03355747044359281,7.533216191693895,13.794,78.08342180735376,37.82777337810113,33.575785587091204,2.4952730528795306,5.933046974626216,9.767746991544803
-1.0368149701606526,0.16052326805310194,-0.3469103706176732,-0.08890050178728166,1.4597267666419114,-0.18603008707705643,-1.1184552316964445,1.4989229412186882,Germany,DEU,Unknown,2000–2009,2,1.9552421801330622,1.5908691415571983,9.0268,65.57213060149381,44.680100611376346,102.97123638305017,3.662236973313095,0.7914695221671325,12.437890773864641
3.7519595633058445,-0.07353182959724074,0.12031012916375561,-0.08890050178728166,-0.8522403466918053,2.4585207498505457,0.46073640723016057,-0.36521147086801115,Ghana,GHA,Unknown,2000–2009,0,0.6754648226109916,21.252111068258195,7.6765,88.96948623426916,44.680100611376346,13.491150780310821,11.938862840724585,5.364102141180313,10.066346065272374
-0.6550473822665887,0.2852382519525477,-0.6115165447322418,-0.08890050178728166,0.6535011972330044,-0.35866179941378834,-0.2963895720849006,0.6385853375826057,Greece,GRC,Unknown,2000–2009,2,0.4061156852596959,3.158289961414595,9.7463,52.32124635886555,44.680100611376346,71.76788035355928,3.121953127788045,3.17180396508843,11.34337254691867
-0.17200952292757174,0.27374609985729675,0.20635532212590574,-0.08890050178728166,-0.28950477781798095,-0.18603008707705643,-0.05651297674182778,-1.0218424389771965,Greenland,GRL,Unknown,2000–2009,1,1.050973868985916,5.141495507186114,9.680000000000001,93.27843667879806,44.680100611376346,35.270710958365925,3.662236973313095,3.8663792891758306,9.230982645220488
-0.6678360688818277,-0.21724131560233734,-0.2338018978591712,-0.08890050178728166,0.47405840432026985,-0.18603008707705643,-0.5333587901738265,-1.3539274399629273,Grenada,GRD,Unknown,2000–2009,1,0.9881681132673765,3.105783530028074,6.847417784313433,71.23634945201255,44.680100611376346,64.82290419969283,3.662236973313095,2.485647105068586,8.808505370092572
-0.17200952292757174,0.32104505917843806,-0.23384413973616008,-0.08890050178728166,-0.28950477781798095,-0.18603008707705643,-0.8711251449270987,-0.7202113319413553,Guam,GUM,Unknown,2000–2009,1,1.2398750248842787,5.141495507186114,9.952875,71.23423407347293,44.680100611376346,35.270710958365925,3.662236973313095,1.5076268235023842,9.614716592300484
0.19524582403359372,-0.9736637425782301,-0.3555933803797239,-1.6724060178518798,-0.5279851612806723,-0.4900925099735616,-0.21016938242533514,-0.09118098541358376,Guatemala,GTM,Unknown,2000–2009,0,0.6624977896086597,6.649333509375595,2.4835,65.13730493040147,20.87294938765054,26.04080236505301,2.71061566979647,3.4214590683302446,10.414966606558853
2.3043141859112235,-0.6156390042261726,-0.643869527239566,-0.08890050178728166,-1.1194501338185245,-0.18603008707705643,-0.39269535421849927,-0.6500332523450052,Guinea,GIN,Unknown,2000–2009,0,0.4658023562910816,15.308522413140915,4.549,50.7010814948261,44.680100611376346,3.149327798446742,3.662236973313095,2.892945497294746,9.703996878232006
-0.17200952292757174,-0.21724131560233734,-0.756224165830668,-0.08890050178728166,-1.138207026081244,-0.18603008707705643,-0.38387769151339757,-1.3763794838368621,Guinea-Bissau,GNB,Unknown,2000–2009,1,0.5125415126237229,5.141495507186114,6.847417784313433,45.07461297014077,44.680100611376346,2.423379615347626,3.662236973313095,2.9184775043766793,8.779941965275261
0.39827492853069574,0.54674971297978,2.295231271134714,-0.08890050178728166,-0.06903087650283403,-0.18603008707705643,-0.745421227917481,-1.1213100232632838,Guyana,GUY,Unknown,2000–2009,1,1.1673176023181226,7.48290884556696,11.254999999999999,197.88466323472633,44.680100611376346,43.80371449854286,3.662236973313095,1.8716091402062645,9.104440362828914
1.6681273783417214,1.5078957667983024,-1.0049541863939595,-0.08890050178728166,-0.9749171588257843,-0.18603008707705643,-0.6376066385407452,-0.5199254337411099,Haiti,HTI,Unknown,2000–2009,1,0.2556728063015865,12.69653417966167,16.8,32.61877092042475,44.680100611376346,8.743188930891925,3.662236973313095,2.183791965923775,9.869519550178797
0.7878813982833308,-0.21724131560233734,-0.5079233332052803,-0.08890050178728166,-0.8894923177307982,-0.18603008707705643,0.2090788475098379,0.7198166378678577,Heavily indebted poor countries (HIPC),HPC,Unknown,2000–2009,0,1.3950762761907445,9.08251371409466,6.847417784313433,57.50896224969553,44.680100611376346,12.04938738401691,3.662236973313095,4.635414413843702,11.44671469816833
-0.7744030599803435,-0.21482886772663787,-0.5777680518497799,-0.08890050178728166,2.445006160004565,-0.18603008707705643,-0.7099265228556271,2.3830446005558983,High income,HIC,Unknown,2000–2009,2,2.276486405529372,2.6682520950553337,6.861335568626866,54.011295255287145,44.680100611376346,141.10451429701658,3.662236973313095,1.9743859293984904,13.562666986008006
0.5073170049416711,-0.6828354491069025,0.8385812141581642,-0.08890050178728166,-0.09498579159280295,-0.07089366493016545,0.16764145074910924,-0.42327211500786316,Honduras,HND,Unknown,2000–2009,0,0.25561619600379637,7.9306022229693145,4.161333333333333,124.93889259425434,44.680100611376346,42.7991811681732,4.022578350198585,4.515430247638333,9.992481534638452
-0.8812749717194506,-0.4495834731967509,4.639685674899291,-0.08890050178728166,2.541390862951916,-0.9072633556271054,0.0653286835866899,0.5780394733188082,"Hong Kong SAR, China",HKG,Unknown,2000–2009,2,1.091042366950175,2.229468749298068,5.507,315.28968607804643,44.680100611376346,144.8348923896736,1.405,4.219178238106181,11.266346328695906
0.06865841814776447,-0.20119351916213543,1.0663192147466367,1.3239970406164872,-0.07104723038907969,0.458921057043811,-0.5310539254702593,0.3499681533846717,Hungary,HUN,Unknown,2000–2009,1,0.24868371933298805,6.129604381474236,6.94,136.34350132473259,65.92225298431754,43.72567553453419,5.680734499663934,2.492320962291581,10.976194862973005
0.21754309682790823,-0.3471454628291765,-0.5483826356883673,-0.08890050178728166,0.29519818778331286,-0.18603008707705643,0.7189400609904706,1.9192849411911665,IBRD only,IBD,Unknown,2000–2009,0,0.4393016508137917,6.740879284114195,6.097980699792219,55.48285104675459,44.680100611376346,57.90047550494639,3.662236973313095,6.1117444288100105,12.972673711331078
0.22374559573962075,-0.4355477374920722,-0.5501771809518748,-0.08890050178728166,0.20429938044402454,-0.18603008707705643,0.6966538685446525,1.9478166534434689,IDA & IBRD total,IBT,Unknown,2000–2009,0,0.5131823564840929,6.766344845460012,5.587974326610655,55.39298424136176,44.680100611376346,54.382418083196036,3.662236973313095,6.047213584028803,13.008971647134581
-0.4070177559129813,-0.21724131560233734,-0.2338018978591712,-0.08890050178728166,-0.782833859360882,-0.18603008707705643,0.4373918529639942,0.8454415383906192,IDA blend,IDB,Unknown,2000–2009,0,1.159228253414686,4.176623661330401,6.847417784313433,71.23634945201255,44.680100611376346,16.17739073240136,3.662236973313095,5.2965067539692,11.606534218783633
0.559866823988132,-0.21724131560233734,-0.5351435066607922,-0.08890050178728166,-0.7851662888675788,-0.18603008707705643,0.4728399242744926,0.8538843872287832,IDA only,IDX,Unknown,2000–2009,0,1.5882264205346648,8.14635568938464,6.847417784313433,56.14583696083859,44.680100611376346,16.0871186905899,3.662236973313095,5.399148512676627,11.617275178962132
0.35484853092837815,-0.21724131560233734,-0.2338018978591712,-0.08890050178728166,-0.7841981959528725,-0.18603008707705643,0.45362037548842465,1.0863932766925168,IDA total,IDA,Unknown,2000–2009,0,1.4986957096959024,7.304613354038313,6.847417784313433,71.23634945201255,44.680100611376346,16.124586800053798,3.662236973313095,5.343497296234254,11.913072103761746
0.09495361194803979,-0.8387219566634023,-0.15729339049312396,2.3203079196820577,3.2646799902352623,-0.18603008707705643,-0.1849398081933924,-0.321490839559977,Iceland,ISL,Unknown,2000–2009,2,1.1970234089712863,6.237564395712463,3.2619999999999996,75.06772405268535,80.90124959855454,172.82835849547914,3.662236973313095,3.494512630198905,10.121967286125658
-0.07722882911528989,-0.8377686107128158,-0.8904025540961731,0.8855036327177563,-0.20841618019054903,-0.26159287481559007,0.7786306234654621,1.0668343237264426,India,IND,Unknown,2000–2009,0,1.1032532084907827,5.530636014428766,3.2675,38.35525996668889,59.32974113857661,38.40908373852466,3.42574882762214,6.2845815983418305,11.888189278193188
0.6336225803359258,-0.19784814155371383,-0.4716885948984524,-0.9628351679999382,-0.48618200086691005,-0.023074756979082654,0.37143916671462207,0.7293279077877353,Indonesia,IDN,Unknown,2000–2009,0,1.4718925175858348,8.44917424116788,6.959300000000001,59.323516745532096,31.540964342442575,27.6587104878441,4.172236736406472,5.105537275014507,11.458814899583114
2.613939864554957,0.5755234271247534,-0.6950463528711597,-0.08890050178728166,-0.2250523828228838,-0.18603008707705643,0.2277959853889608,0.6244142256332059,"Iran, Islamic Rep.",IRN,Unknown,2000–2009,0,0.8300996959307141,16.57975064324235,11.421000000000001,48.13826074954825,44.680100611376346,37.76521262675121,3.662236973313095,4.6896108730263375,11.325344112198211
-0.17200952292757174,0.09451706114704385,0.5114645624406728,-0.08890050178728166,-1.140430914679918,-0.18603008707705643,0.2623721084781014,0.1560154239001496,Iraq,IRQ,Unknown,2000–2009,0,0.35484859990663087,5.141495507186114,8.646,108.55762371324991,44.680100611376346,2.337308433351722,3.662236973313095,4.7897278597043345,10.729448938245849
-0.6547380293622058,-0.4656690194175551,1.5224575303309942,-0.08890050178728166,1.959102230256519,-0.5022295787620195,-0.11851151366395868,0.5723711278595679,Ireland,IRL,Unknown,2000–2009,2,1.796335143944866,3.159560069717104,5.414199999999999,159.1858860070293,44.680100611376346,122.29856979295793,2.6726303998268413,3.686859257994609,11.25913508116291
-0.17200952292757174,-1.189976975790588,-0.2338018978591712,-0.08890050178728166,-0.28950477781798095,-0.18603008707705643,0.5491126153374277,-0.8353742086954044,Isle of Man,IMN,Unknown,2000–2009,0,0.5568424842919388,5.141495507186114,1.2355555555555557,71.23634945201255,44.680100611376346,35.270710958365925,3.662236973313095,5.620000109466585,9.468206818530144
-0.9371622614389817,0.12053473881668471,-0.2375915412721589,-0.08890050178728166,0.6455365103565093,-0.18603008707705643,-0.16247895277250715,0.5210876129032913,Israel,ISR,Unknown,2000–2009,2,0.5259576421595586,2.000012650222148,8.7961,71.04657260211714,44.680100611376346,71.45962300015768,3.662236973313095,3.559549220829722,11.19389238849869
-0.8715017801262679,0.007398574826179967,-0.6628630373214134,-0.08890050178728166,0.6727357632693897,0.8849790345370583,-1.2054772279561186,1.3380467130783789,Italy,ITA,Unknown,2000–2009,2,0.6800326353692205,2.2695944814591247,8.1434,49.74992907255957,44.680100611376346,72.5123159493518,7.01416414234551,0.539492745656905,12.233224648337053
1.335926002040866,0.5702886911778967,0.19399915145309146,4.919572158286274,-0.6269209867090599,-0.18603008707705643,-1.0713446995229583,-0.39040206460515864,Jamaica,JAM,Unknown,2000–2009,1,0.5210362316450521,11.332617047587771,11.3908,92.65966734049559,119.97978527215476,22.21168815427835,3.662236973313095,0.9278805509527048,10.034298687735495
-1.4864404192556513,-0.5940587186174431,-1.1528153964892631,-0.08890050178728166,3.310546845493164,-0.18603008707705643,-1.2309741817265554,1.6847273568042622,Japan,JPN,Unknown,2000–2009,2,2.406927415944825,-0.2551552785273938,4.6735,25.21421286162649,44.680100611376346,174.603543839222,3.662236973313095,0.4656649722427697,12.67427044464267
0.03514841018742326,1.0167781558901305,0.8831283468187878,2.156427176786909,0.8385115763526388,-0.18603008707705643,0.8422585353854484,-0.3243112950326047,Jordan,JOR,Unknown,2000–2009,1,0.40588857353555063,5.9920225494482,13.966666666666667,127.16971317205139,78.4373910333772,78.9283388503712,3.662236973313095,6.468819570702669,10.11837911340133
0.8237242063369141,0.08741030042449023,0.2045723892307631,-0.08890050178728166,-0.28950477781798095,2.7996813822817024,1.571369916095965,0.1325791858754621,Kazakhstan,KAZ,Unknown,2000–2009,0,0.9537923279163123,9.22967330900749,8.605,93.18915139479074,44.680100611376346,35.270710958365925,13.006590061503845,8.580000000075241,10.699633445373454
-0.17200952292757174,0.29081965915416313,-0.5476972176183208,-0.08890050178728166,-0.5581212595197088,1.451573742518561,-0.157752489200973,-0.1746682713026426,Kenya,KEN,Unknown,2000–2009,0,0.23435234261996118,5.141495507186114,9.778500000000001,55.51717524774644,44.680100611376346,24.87444466272685,8.787430267895338,3.573234945200999,10.308754399004949
0.7738211307952456,1.1352241679326898,0.42593220926928266,-0.08890050178728166,-0.28950477781798095,-0.18603008707705643,-1.0278654126987206,-1.9798667103241918,Kiribati,KIR,Unknown,2000–2009,1,1.5360085335658438,9.0247865609983,14.65,104.27435513621754,44.680100611376346,35.270710958365925,3.662236973313095,1.0537771174511676,8.012187811175945
-0.6654782500886165,-0.8209203877315425,-0.2338018978591712,-0.08890050178728166,1.7609743645634286,-1.1694296586627804,0.30602115402080243,1.0839882136583858,"Korea, Rep.",KOR,Unknown,2000–2009,2,1.7061596297503019,3.115464012036295,3.3647,71.23634945201255,44.680100611376346,114.63042508611461,0.584500588542436,4.91611597151894,11.910012391717677
-0.6984543165134759,6.197127160729249,-0.1138542295361785,-0.08890050178728166,-0.23451034195212084,-0.18603008707705643,0.34702823593214516,-0.6473476000752404,Kosovo,XKX,Unknown,2000–2009,1,0.8318739988742339,2.9800743804637273,43.8529,77.2430598904204,44.680100611376346,37.3991611428739,3.662236973313095,5.03485413839893,9.707413554834392
-0.17200952292757174,-1.1642462648818304,0.11239192079908547,-0.08890050178728166,0.2796554869953269,0.9990994873832956,0.5079325321338204,0.2367669187202672,Kuwait,KWT,Unknown,2000–2009,0,0.9850507435400631,5.141495507186114,1.384,88.57296010331113,44.680100611376346,57.298926205656684,7.371325849671667,5.5007610082271166,10.832180682807763
0.8322561144563492,0.11237063076711704,0.45285263561475897,-0.08890050178728166,-1.0034550237899247,-0.18603008707705643,0.25082437164680654,-0.8922132391544011,Kyrgyz Republic,KGZ,Unknown,2000–2009,1,0.10336891752506294,9.264702711302437,8.748999999999999,105.62246976150838,44.680100611376346,7.63868766649955,3.662236973313095,4.7562907791062825,9.395896420174449
-0.2687299841288047,-1.1701396762127285,-0.21777351892167127,-0.08890050178728166,-0.975404977018466,-0.18603008707705643,0.9754207471100599,-0.8485403345851471,Lao PDR,LAO,Unknown,2000–2009,0,0.7316340225133668,4.744390908995108,1.35,72.03901475114435,44.680100611376346,8.72430889865099,3.662236973313095,6.8543977728300405,9.451456923252191
0.061021902564813185,-0.47292700030658036,-0.4500501349903075,-0.08890050178728166,0.7519112019831511,-0.18603008707705643,1.0724150985790502,1.765697425507526,Late-demographic dividend,LTE,Unknown,2000–2009,0,0.05479857039204594,6.09825118676771,5.372327587508938,60.40712232802101,44.680100611376346,75.57664372152595,3.662236973313095,7.13525002942418,12.77728025806735
-0.1087592887442532,0.0276213814056691,-0.7895221519884478,-0.08890050178728166,-0.5092597424478471,-0.18603008707705643,-0.42226270961457146,1.519553710176176,Latin America & Caribbean,LCN,Unknown,2000–2009,0,0.8363154280801295,5.40118160171989,8.26006849386497,43.40712444094895,44.680100611376346,26.76553243168977,3.662236973313095,2.8073316614502675,12.464137159660691
-0.022545453217780623,-0.01570774971663827,-0.8836943145243337,-0.08890050178728166,-0.5610285427035832,-0.18603008707705643,-0.4387464855844381,1.461608039681128,Latin America & Caribbean (excluding high income),LAC,Unknown,2000–2009,0,0.8901991668873972,5.755149211986093,8.010096045745698,38.69119357192584,44.680100611376346,24.761924053474168,3.662236973313095,2.759602019381272,12.390418898060373
-0.14467870674321862,0.04600555204273231,-0.8117878039332211,-0.08890050178728166,-0.5121634293053692,-0.18603008707705643,-0.4154502181315179,1.5017973724552998,Latin America & the Caribbean (IDA & IBRD countries),TLA,Unknown,2000–2009,0,0.8345505867194027,5.253707469829045,8.366129613064825,42.29211048674281,44.680100611376346,26.653151011090767,3.662236973313095,2.827057589579759,12.441547614350606
0.0012693821583613278,0.5718660453870485,0.21931964890486674,-0.08890050178728166,-0.28950477781798095,2.368769198153364,0.42297103850066003,-0.26837497014539147,Latvia,LVA,Unknown,2000–2009,0,0.23936913253589953,5.852925634012783,11.399899999999999,93.92766111207692,44.680100611376346,35.270710958365925,11.657968253997625,5.254750525667105,10.189541093162154
-0.2833443762649473,-0.21724131560233734,-0.568628984670331,-0.08890050178728166,-0.8360751383944806,-0.18603008707705643,0.6267045415156248,0.7977314168302295,Least developed countries: UN classification,LDC,Unknown,2000–2009,0,1.359228680513784,4.68438868976505,6.847417784313433,54.46895925986191,44.680100611376346,14.116792993769911,3.662236973313095,5.844671621060737,11.545837583605818
-1.1332109628668876,-0.06454726624474398,-0.09753772008997595,-0.08890050178728166,0.8072251425539742,-0.18603008707705643,0.38190561558856817,-0.14399986497131648,Lebanon,LBN,Unknown,2000–2009,2,0.27227824836825976,1.19509671165542,7.728333333333334,78.06015411975523,44.680100611376346,77.71745969972783,3.662236973313095,5.135843429344687,10.347770628888608
-0.9407499642142557,4.7423385736970625,1.5724638879564599,-0.4265396054962508,-0.9513241143733098,-0.39129873568644835,-0.3361446837621587,-1.1096564692347575,Lesotho,LSO,Unknown,2000–2009,1,1.1768526999758535,1.9852826411701878,35.46,161.69009233746667,39.603878824022146,9.656310759079423,3.01980961547002,3.056690944004109,9.11926596993828
1.523562761372506,-0.21724131560233734,-0.2338018978591712,-0.08890050178728166,-1.0977979320002502,-0.18603008707705643,0.09602361243194697,-1.1766238448798103,Liberia,LBR,Unknown,2000–2009,0,0.15366851042072982,12.102996127617464,6.847417784313433,71.23634945201255,44.680100611376346,3.98733317534559,3.662236973313095,4.308057022299538,9.03407032936129
-0.17200952292757174,-0.21724131560233734,0.053525782013672064,-0.08890050178728166,-0.8948095417658282,-0.18603008707705643,-0.0630591437865693,0.08377312490450188,Libya,LBY,Unknown,2000–2009,0,0.42367735768089654,5.141495507186114,6.847417784313433,85.62507578630246,44.680100611376346,11.843594810636672,3.662236973313095,3.84742451749363,10.637542560246052
-0.17200952292757174,-1.0687383341958059,-0.2338018978591712,-0.08890050178728166,-0.28950477781798095,-0.18603008707705643,-0.6998924258927434,-0.7762074782642223,Liechtenstein,LIE,Unknown,2000–2009,1,0.21898179349227065,5.141495507186114,1.935,71.23634945201255,44.680100611376346,35.270710958365925,3.662236973313095,2.003440185983847,9.54347850793676
-0.6893693364740164,0.45580050929383276,0.4790293902620951,-0.08890050178728166,-0.28950477781798095,3.1385962285754676,0.25356366553247306,-0.12766961347678157,Lithuania,LTU,Unknown,2000–2009,0,0.12188240061257938,3.0173745267134113,10.7303,106.93334297465324,44.680100611376346,35.270710958365925,14.0672886665432,4.764222548921867,10.368545912725835
0.28652299717961605,-0.48970593269459756,-0.5692740655913016,-0.08890050178728166,0.3089619117335698,-0.18603008707705643,0.74995579035922,1.896352265368492,Low & middle income,LMY,Unknown,2000–2009,0,0.48276264115803635,7.024089633529603,5.27552733564095,54.43665505290411,44.680100611376346,58.43317304643763,3.662236973313095,6.201552107826363,12.943498848376723
-0.17200952292757174,-0.21724131560233734,-0.6815609016037686,-0.08890050178728166,-0.9852548952395734,-0.18603008707705643,0.3065389184705444,0.5733167830398805,Low income,LIC,Unknown,2000–2009,0,1.176913027360532,5.141495507186114,6.847417784313433,48.81358192941775,44.680100611376346,8.343087418240831,3.662236973313095,4.9176151857710275,11.260338140086388
0.3940077440350758,-0.6186731675065799,-0.5655527190991616,-0.08890050178728166,-0.33694782704371706,-0.18603008707705643,0.5831970224823773,1.3652093850118754,Lower middle income,LMC,Unknown,2000–2009,0,1.4514657332463257,7.465389092626427,4.531495443514525,54.6230117460503,44.680100611376346,33.43452216420418,3.662236973313095,5.718693306713158,12.267780896254285
-0.8543392530536384,-0.7264524708097941,3.8496410427355907,-0.08890050178728166,0.8502234529007341,-1.1419146841982923,-0.24699453798569584,0.013000389375427742,Luxembourg,LUX,Unknown,2000–2009,2,0.27992923531821745,2.340058562507488,3.9097,275.7260213134508,44.680100611376346,79.38162372196315,0.670613945190373,3.314829889600553,10.547505755298765
-0.983836159926366,-0.5677983710694707,1.1110828549651879,-0.08890050178728166,0.14729288913046865,-0.18603008707705643,1.938315528346962,-0.3656232719588272,"Macao SAR, China",MAC,Unknown,2000–2009,0,0.501445079700062,1.8083839144339824,4.825,138.585164115858,44.680100611376346,52.17609529718826,3.662236973313095,9.642510359567243,10.065822173490973
1.128676377155365,-0.5903320026287868,-0.5749890063100991,-0.08890050178728166,-0.9862832089411316,1.0285178768401997,-0.29805345581477943,-0.5622944198402443,Madagascar,MDG,Unknown,2000–2009,0,0.561886880580218,10.481713546991719,4.695,54.15046362834014,44.680100611376346,8.303288583079546,7.463396306309012,3.166986102056518,9.815617887219126
-0.17200952292757174,-1.2408606121835053,-0.2338018978591712,-1.7228087056644659,-1.1031976211169585,-0.18603008707705643,0.0919916597645556,-0.6511438779470318,Malawi,MWI,Unknown,2000–2009,0,0.5544506666145739,5.141495507186114,0.942,71.23634945201255,20.1151721657444,3.7783489551096303,3.662236973313095,4.296382290854175,9.702583944565509
-0.8729901004992889,-0.8078682149898772,2.269221747329083,-0.1740436960322789,1.736840733789931,0.7411037578527364,0.26155028049023943,0.47918117336951543,Malaysia,MYS,Unknown,2000–2009,2,1.1644422734804238,2.263483893726521,3.44,196.5821645673858,43.40001861576742,113.69638094030336,6.56387904286529,4.78734821345249,11.140579175520115
-0.7390128525309083,-0.21965376347803678,-0.2338018978591712,-0.8491571580201356,-0.035079922915186655,-0.18603008707705643,0.23371866359797563,-1.1201102763079513,Maldives,MDV,Unknown,2000–2009,1,0.2564684904036463,2.8135534504724147,6.8335,71.23634945201255,33.2500518997296,45.11771858441275,3.662236973313095,4.706760299924816,9.105966676342103
-0.17200952292757174,-0.12579252125211618,-0.6693409552185936,-0.08890050178728166,-0.8672356565330749,-0.18603008707705643,0.6218306845484944,-0.5603348228454504,Mali,MLI,Unknown,2000–2009,0,0.5982159423885409,5.141495507186114,7.375,49.42552946066079,44.680100611376346,12.910787158139039,3.662236973313095,5.830559111344403,9.818110879062335
-0.7931002590628181,-0.2219244601967061,1.734481062500433,-0.08890050178728166,1.6375406180239391,0.6110812354447247,-0.043679966931055664,-0.5887858152785067,Malta,MLT,Unknown,2000–2009,2,0.365299047545514,2.5914871206462924,6.820400000000001,169.8035493736972,44.680100611376346,109.85316759706048,6.156948778080329,3.9035379454239973,9.781915634705848
-0.17200952292757174,2.9933820934393722,0.7094683050292071,1.7100619609276568,-0.28950477781798095,-0.18603008707705643,-0.9495770786032421,-1.8850133212985638,Marshall Islands,MHL,Unknown,2000–2009,1,1.5760525762114352,5.141495507186114,25.37,118.47320743470841,71.72653080133824,35.270710958365925,3.662236973313095,1.2804651148727548,8.132859931907822
-0.17200952292757174,-0.21724131560233734,-0.17825441156064759,-0.08890050178728166,-0.7434713056109183,-0.18603008707705643,-0.25136148362608074,-0.8483863889532394,Mauritania,MRT,Unknown,2000–2009,1,0.47010865641011157,5.141495507186114,6.847417784313433,74.01804308925935,44.680100611376346,17.70084003182086,3.662236973313095,3.302185168346675,9.451652772299553
0.07407098314329895,0.002803254749211502,0.6842894691355859,-0.6158479973262224,0.5630956565215179,-0.3041914150322966,0.14479805131671497,-0.5615560617372939,Mauritius,MUS,Unknown,2000–2009,1,0.2546200238328582,6.151826716035509,8.116888888888887,117.21230775650949,36.75772927386635,68.26891383488714,3.29242857718552,4.449285980660886,9.816557223589264
-0.1545437002590261,-0.7839478984115261,-0.6301890457619486,-1.850735399434389,-0.7745344213544058,-0.5491335303194893,-0.9519119917211656,1.1178693236740929,Mexico,MEX,Unknown,2000–2009,0,0.6516881366306904,5.2132048270831515,3.5780000000000003,51.386169350579756,18.1918633340197,16.49860396203216,2.525835544033718,1.273704250882343,11.953115811008692
-0.6455787113418281,-0.21724131560233734,0.27914974973058565,-1.3297033830961216,-0.6395458897342735,-0.18603008707705643,-1.2243070805754062,-1.6762099920067748,"Micronesia, Fed. Sts.",FSM,Unknown,2000–2009,1,1.0339014608301293,3.197165424954382,6.847417784313433,96.92381848791771,26.025298632808948,21.72306641009036,3.662236973313095,0.4849699150036921,8.3984987332237
-0.7535338086711981,0.12959314213773865,-0.14040032034780373,-0.08890050178728166,-0.2244650784982304,-0.18603008707705643,0.16443032699552093,1.3216358390782894,"Middle East, North Africa, Afghanistan & Pakistan",MEA,Unknown,2000–2009,0,0.4454980168085676,2.75393485083152,8.84835932751395,75.91369114981482,44.680100611376346,37.7879430717224,3.662236973313095,4.506132269573222,12.212346796854916
-1.1332109628668876,0.13561124828281593,-0.43473084230364584,-0.08890050178728166,-0.411263406454124,-0.18603008707705643,0.156996327146704,1.0956321516346026,"Middle East, North Africa, Afghanistan & Pakistan (IDA & IBRD)",TMN,Unknown,2000–2009,0,0.558599011679803,1.19509671165542,8.88307871115172,61.17427817670504,44.680100611376346,30.558285573765907,3.662236973313095,4.484606731215164,11.92482576532187
-0.9433723857690429,0.14769995998169166,-0.43095803296851576,-0.08890050178728166,-0.4126709594999085,-0.18603008707705643,0.1533872017188418,1.0976892380666299,"Middle East, North Africa, Afghanistan & Pakistan (excluding high income)",MNA,Unknown,2000–2009,0,0.6792935815123975,1.97451578124347,8.952820355622876,61.36321201370489,44.680100611376346,30.50380903458816,3.662236973313095,4.474156318326219,11.927442782856314
0.16514685320143654,-0.4682119572749171,-0.5680463026267334,-0.08890050178728166,0.3347661460314525,-0.18603008707705643,0.7581659366614616,1.8893295628771407,Middle income,MIC,Unknown,2000–2009,0,0.4053698889278634,6.525756351349035,5.3995293988327235,54.498138670870766,44.680100611376346,59.43187457665027,3.662236973313095,6.225325019145738,12.934564592978939
1.5096805309618413,-0.48087055393872435,0.9814666780770815,-0.20890136064698128,-0.28950477781798095,3.8803302904831316,0.23510399237913138,-0.8589738222358018,Moldova,MDA,Unknown,2000–2009,0,0.30926839467108813,12.045999940246599,5.3265,132.0942764347086,42.875952431994,35.270710958365925,16.388686779902,4.710771592421954,9.438183479948082
-0.17200952292757174,-0.7801345146091804,-0.2338018978591712,-0.08890050178728166,-0.28950477781798095,-0.18603008707705643,-0.6236188991298477,-0.7251063769106874,Monaco,MCO,Unknown,2000–2009,1,0.3059496352527229,5.141495507186114,3.6,71.23634945201255,44.680100611376346,35.270710958365925,3.662236973313095,2.2242942025870853,9.608489134709405
2.2459047982183162,-0.2836434992522486,0.7200967101814219,1.8452535158353565,-0.5347421255732632,-0.18603008707705643,0.6855796946373721,-0.9063292543769472,Mongolia,MNG,Unknown,2000–2009,0,0.14040370287820192,15.068711352044785,6.464333333333333,119.0054541474959,73.75906290129396,25.779287510525574,3.662236973313095,6.015147729835531,9.377938079300325
-0.17200952292757174,2.320406520139027,0.42924668287828255,-0.08890050178728166,-0.1330168006843996,0.7938539366387298,-0.2176731993554965,-0.940364631101888,Montenegro,MNE,Unknown,2000–2009,1,1.0880058516228823,5.141495507186114,21.487499999999997,104.44033654713914,44.680100611376346,41.3272666545763,6.728970780998773,3.399731370933568,9.334638402488595
-0.8535368322072207,0.4878155996707998,-0.44450799775073646,0.07571902400419596,-0.28950477781798095,-0.18603008707705643,0.28771626726822397,0.22737673917927928,Morocco,MAR,Unknown,2000–2009,0,0.1860182682149909,2.3433530568041383,10.915000000000001,60.68466014158132,47.155066378869044,35.270710958365925,3.662236973313095,4.863113207200181,10.820234532112421
0.8385903664425376,-0.21724131560233734,-0.35389163877895974,-0.08890050178728166,-0.9231136257816555,-0.18603008707705643,1.2117800089230164,-0.48200032792500075,Mozambique,MOZ,Unknown,2000–2009,0,1.1241202959742536,9.290709210429675,6.847417784313433,65.2225243363282,44.680100611376346,10.74814157255344,3.662236973313095,7.538788472306149,9.917767725545248
-0.17200952292757174,-0.21724131560233734,-0.2338018978591712,-0.08890050178728166,-1.0503128490422093,-0.18603008707705643,2.8894568103103975,-0.3189935497198685,Myanmar,MMR,Unknown,2000–2009,0,1.1312115376218905,5.141495507186114,6.847417784313433,71.23634945201255,44.680100611376346,5.82514880145626,3.662236973313095,12.39659006971074,10.125144328761495
0.4058121752677069,2.2697058491305664,0.2643909323335628,-0.42470916041624246,-0.28950477781798095,-0.18603008707705643,0.12399169372019186,-0.5919980649295544,Namibia,NAM,Unknown,2000–2009,1,0.7371571307852811,7.513854472787864,21.195,96.18472998576749,39.63139857838005,35.270710958365925,3.662236973313095,4.38904007567789,9.777829022917972
-0.17200952292757174,1.2839461362241762,1.4551224217079535,-0.08890050178728166,-0.28950477781798095,-0.18603008707705643,-2.327783902077483,-2.4209657555452666,Nauru,NRU,Unknown,2000–2009,1,1.8392296529708005,5.141495507186114,15.508000000000001,155.8138946587005,44.680100611376346,35.270710958365925,3.662236973313095,-2.710205378449018,7.451023283620145
-0.1145544226610644,-1.1652862786461065,-0.7084781523852691,0.6177066711846935,-0.3063552248650816,-0.18603008707705643,0.011762672220327161,-0.4919169041617872,Nepal,NPL,Unknown,2000–2009,0,0.446006182263176,5.377388556309256,1.378,47.465626329254675,55.3035582830116,34.61854794293061,3.662236973313095,4.064075029093026,9.905151894975726
-0.9069802096077916,-0.7336979000342511,0.7612568091632014,-0.08890050178728166,1.6922967577600196,-0.5760668112037494,-0.8112001577301556,1.003927127258473,Netherlands,NLD,Unknown,2000–2009,2,2.255249825008966,2.123930913391597,3.8679,121.0666596686737,44.680100611376346,111.97239500414723,2.44154270830971,1.681142782171555,11.808158982121894
-0.17200952292757174,1.2201586253485734,-0.41573930861238845,-0.08890050178728166,-0.28950477781798095,-0.18603008707705643,-0.6665072138755879,-0.608468500656408,New Caledonia,NCL,Unknown,2000–2009,1,1.15712419492301,5.141495507186114,15.14,62.12533162575973,44.680100611376346,35.270710958365925,3.662236973313095,2.10010882688805,9.756875397233596
-0.7711730397974568,-0.5928280356630495,-0.43732490859465944,-0.4262525198082902,-0.28950477781798095,-0.18603008707705643,-0.426689078364921,0.34457816508321654,New Zealand,NZL,Unknown,2000–2009,0,0.38518314716463475,2.6815135689042378,4.6806,61.04437314990456,39.60819500247439,35.270710958365925,3.662236973313095,2.7945148774496973,10.969337740357377
1.2415370194135775,-0.36282899169338373,-0.17360447279189056,-0.08890050178728166,-0.6034924674444073,-0.5546633012956443,-0.3797593492626214,-0.5750643370648727,Nicaragua,NIC,Unknown,2000–2009,0,0.12937173040205474,10.945084786529968,6.0075,74.2509016027324,44.680100611376346,23.118442362526444,2.50852907184834,2.930402381413743,9.799372047097904
-0.17200952292757174,-1.0080708646130319,-0.9204347484599513,-0.08890050178728166,-1.0584501165512648,-0.18603008707705643,-0.023759131805902313,-0.7241692772529144,Niger,NER,Unknown,2000–2009,0,0.4406585253554596,5.141495507186114,2.285,36.85131497221482,44.680100611376346,5.510212058159442,3.662236973313095,3.9612197734212473,9.60968130932965
0.873255369462027,-0.21724131560233734,-0.2338018978591712,-0.08890050178728166,-0.9109312110405305,4.389799002783171,1.2588562171700846,0.518391474838799,Nigeria,NGA,Unknown,2000–2009,0,0.9061588409531334,9.433033098512716,6.847417784313433,71.23634945201255,44.680100611376346,11.219637688392258,17.983166214359837,7.675100114353796,11.190462371908135
-0.8539420823080912,-0.4170878472812203,-1.0743702485601583,0.6262117318141547,3.39115579526372,-0.18603008707705643,-0.7246148127265117,2.0450230466080592,North America,NAC,Unknown,2000–2009,2,2.337323387921742,2.341689223976271,5.694472283723946,29.14257008187166,55.43142728158367,177.7233528037257,3.662236973313095,1.9318552119570154,13.132637250782105
-0.9375105825549288,4.554009414549393,0.05770595039384167,-0.08890050178728166,-0.28950477781798095,1.7925586288627238,-0.3101284547808107,-0.5964214222751947,North Macedonia,MKD,Unknown,2000–2009,1,0.8488543564073217,1.9985825503749002,34.3735,85.83440925142538,44.680100611376346,35.270710958365925,9.854607457800016,3.1320223061589187,9.772201644527632
-0.17200952292757174,-0.4438633974932321,1.1666705908873147,-0.08890050178728166,-0.28950477781798095,-0.18603008707705643,-4.235376309272301,-1.1885672460834327,Northern Mariana Islands,MNP,Unknown,2000–2009,1,1.1787580572598029,5.141495507186114,5.54,141.3688733640593,44.680100611376346,35.270710958365925,3.662236973313095,-8.233739729764247,9.018875979778237
-0.9166050734463924,-0.7872932760199477,-0.24590697416017623,-0.08890050178728166,1.5772351526783455,-0.9476154192913415,-0.7589167517884557,0.7180190272953207,Norway,NOR,Unknown,2000–2009,2,1.9057078819181439,2.0844141695733613,3.5587000000000004,70.6301543571719,44.680100611376346,107.51916458710596,1.27871052608886,1.8325321395801495,11.444427784835382
-0.792290394557646,-0.22202070964865186,-0.7046956315616257,-0.08890050178728166,2.447650744762526,-0.18603008707705643,-0.7759136459842261,2.373899687033526,OECD members,OED,Unknown,2000–2009,2,2.2392127815481793,2.594812176326563,6.819844722049352,47.65504649583676,44.680100611376346,141.2068676865442,3.662236973313095,1.7833167366450617,13.551032861808647
-0.5807626093745212,-0.68618660456957,0.09538839130910896,-0.08890050178728166,-0.3738716285297604,-0.18603008707705643,-0.10771539912019161,0.003523494452336112,Oman,OMN,Unknown,2000–2009,0,0.30909941721958245,3.4632804931454197,4.142,87.72146144973006,44.680100611376346,32.0054599172998,3.662236973313095,3.7181199766462014,10.535449285624143
0.14407083070967427,0.06259507289953595,0.6112463291940611,-0.08890050178728166,1.8843009210095978,-0.18603008707705643,-0.18577328937356832,0.2799916628470522,Other small states,OSS,Unknown,2000–2009,2,1.3189739820208475,6.43922465640971,8.46183712056123,113.55447099090111,44.680100611376346,119.40353399594771,3.662236973313095,3.4920992415145546,10.88717103787523
0.12376094853011796,-0.3945030006488169,0.43573811773849197,-0.08890050178728166,0.20818208265609595,-0.18603008707705643,-0.9259758219663028,-0.6668157493000658,Pacific island small states,PSS,Unknown,2000–2009,1,0.8383926986004777,6.355838499002547,5.82476775138897,104.7654130582562,44.680100611376346,54.532690344554084,3.662236973313095,1.348803797327485,9.682646249440069
-0.17200952292757174,-0.6111669450397854,-1.0991498661781027,0.5996723248573733,-0.6832690750134264,-0.18603008707705643,0.23500464954920905,0.47579673392271565,Pakistan,PAK,Unknown,2000–2009,0,1.0256245133968118,5.141495507186114,4.5748,27.90166236030881,55.0324216144747,20.0308475463187,3.662236973313095,4.710483940022226,11.136273504529028
-0.522818567490082,-0.7558675267760706,1.3374421841759043,-1.4914487741139952,-0.28950477781798095,-0.18603008707705643,-1.3255501959155216,-1.7966759059328403,Palau,PLW,Unknown,2000–2009,1,0.9511407906237412,3.701180986839403,3.7399999999999998,149.9207320732084,23.5935439312067,35.270710958365925,3.662236973313095,0.1918151386971279,8.245242455733875
-0.5667501156275511,0.4342202236851029,1.0870522428238607,-0.08890050178728166,-0.28950477781798095,-0.41738885594127334,0.8197363887026451,-0.2390309263240304,Panama,PAN,Unknown,2000–2009,1,0.13261481277464138,3.520811501888931,10.605799999999999,137.38176491011478,44.680100611376346,35.270710958365925,2.938155611633272,6.4036055079927205,10.22687247409801
-0.17200952292757174,-0.8980027412271416,0.7657298407191627,1.279139853214361,-0.6378930909384867,-0.7488774706615222,-0.41843534437742474,-0.6235988520714562,Papua New Guinea,PNG,Unknown,2000–2009,1,0.4888197670274952,5.141495507186114,2.92,121.29065906536201,65.2478493696036,21.7870346979082,1.900698813663945,2.8184139992089388,9.737626621713524
0.4308467431171091,-0.34287806098202,-0.07417714501747846,-0.08890050178728166,-0.7569915882356735,-0.4040610311918042,-0.5696393026716414,-0.3580750135385122,Paraguay,PRY,Unknown,2000–2009,1,0.0994510456015314,7.61663874287151,6.1226,79.22999937058019,44.680100611376346,17.17756440231077,2.9798675793283,2.3805949690309443,10.07542503914257
-0.17200952292757174,-0.6463194102723185,-0.7641271600043114,-1.1726596768733,-0.5958231923101917,-0.18603008707705643,0.35031661398590797,0.27149501197463755,Peru,PER,Unknown,2000–2009,0,1.1573351240626126,5.141495507186114,4.372,44.67884873177583,28.386366039806575,23.41526639240248,3.662236973313095,5.044375810361747,10.8763616309534
-0.17200952292757174,-0.6178345888396445,-0.0677724026482878,0.9713703582386531,-0.4068969049187466,-0.25034285643154564,0.17526874675874507,0.40781594635745794,Philippines,PHL,Unknown,2000–2009,0,0.6311504825561034,5.141495507186114,4.536333333333333,79.55073451601658,60.6207010366151,30.727282325024483,3.46095790428879,4.537515485217375,11.04978860516179
-0.5677578302834272,1.168712611142381,-0.2509381656952262,-0.08890050178728166,-0.4482659175678708,-0.2530296704012758,-0.023223225471089865,0.7304098715935401,Poland,POL,Unknown,2000–2009,0,0.036371485442902474,3.516674134070964,14.8432,70.37820355951375,44.680100611376346,29.126177027377402,3.4525490078923697,3.962771518457692,11.460191369821477
-0.791041331370142,-0.28155191601520435,-0.3499425361880837,-0.08890050178728166,2.2088523555110045,-0.3192155685644523,-1.0637187175882807,0.5721972313791176,Portugal,PRT,Unknown,2000–2009,2,2.0532145949846448,2.5999404473152317,6.4764,65.42028654451956,44.680100611376346,131.964651312103,3.2454076252628603,0.9499619835584484,11.258913850721918
-0.8487474248623637,-0.2927901752236145,-0.6471607198366152,-0.08890050178728166,2.594945064034164,-0.18603008707705643,-0.7847666439536602,2.3564027390827857,Post-demographic dividend,PST,Unknown,2000–2009,2,2.326646751751574,2.3630168968606435,6.411564747269097,50.53626594481248,44.680100611376346,146.90760115338782,3.662236973313095,1.757682414442971,13.528773311177508
-0.17200952292757174,-0.21724131560233734,-0.2338018978591712,-0.08890050178728166,-0.9535413771995057,-0.18603008707705643,0.5657203254076488,0.9128965879114701,Pre-demographic dividend,PRE,Unknown,2000–2009,0,1.3361581611609132,5.141495507186114,6.847417784313433,71.23634945201255,44.680100611376346,9.570496014419975,3.662236973313095,5.668088609254885,11.692350276210485
-0.17200952292757174,0.5940703392543442,0.5978475726288245,-0.08890050178728166,-0.28950477781798095,-0.18603008707705643,-1.0136884227724106,0.2929489307056143,Puerto Rico (US),PRI,Unknown,2000–2009,1,0.7727567154240556,5.141495507186114,11.528,112.883491287441,44.680100611376346,35.270710958365925,3.662236973313095,1.0948273389559684,10.903655224760332
-0.17200952292757174,-1.2831545052640678,0.1660412969410112,-0.08890050178728166,-0.2881647745571282,-0.18603008707705643,2.8670160367429425,0.05743541126829437,Qatar,QAT,Unknown,2000–2009,0,1.3339751401262951,5.141495507186114,0.6980000000000001,91.25960063739812,44.680100611376346,35.32257311756254,3.662236973313095,12.331611627144907,10.6040358211368
1.7694750459927073,-0.19401742418863038,-0.49979369856448175,-0.08890050178728166,-0.6614069626020084,0.05222879263097956,0.3306113175806389,0.31926421172396546,Romania,ROU,Unknown,2000–2009,0,1.19432417379854,13.11263667069929,6.981399999999999,57.91607613477608,44.680100611376346,20.876977094939154,4.407913546966347,4.987318086087509,10.937133425178471
1.9791690871954895,-0.028793904170629166,-0.5190240485439502,-1.3863535932261453,-0.4491342572022595,0.7833640707476015,0.5007624642006939,1.008917457920387,Russian Federation,RUS,Unknown,2000–2009,0,1.3396540847993719,13.973576196221504,7.9346000000000005,56.95306330117214,25.173593283039708,29.09256967008878,6.696140746435679,5.479999698641005,11.814507661808644
1.272461174809435,-1.2498740648072317,-1.0075563655559934,-0.08890050178728166,-0.9304706143990117,1.8298076453158654,1.4865972488184322,-0.8358940342779074,Rwanda,RWA,Unknown,2000–2009,0,1.1714310607241978,11.072049899706162,0.89,32.48845961922375,44.680100611376346,10.463403970767152,9.97118535405626,8.334536274179708,9.467545498401304
0.22999493882503302,-0.8624689376143738,-0.08754770943296906,-0.08890050178728166,0.29445047364411286,-0.18603008707705643,-0.05502899036873199,-1.5050393282582617,Samoa,WSM,Unknown,2000–2009,1,0.3191003477975476,6.792002734639502,3.125,78.56043146680346,44.680100611376346,57.87153671736757,3.662236973313095,3.8706762499300056,8.616261400575894
-0.17200952292757174,-0.9465367168933609,-0.2338018978591712,-0.572947692417815,-0.28950477781798095,0.8493583810376102,-0.7344782502182502,-1.0417238062758247,San Marino,SMR,Unknown,2000–2009,1,0.1912367142107494,5.141495507186114,2.6399999999999997,71.23634945201255,37.40271221591298,35.270710958365925,6.9026825183015,1.9032951088646652,9.205689645364398
-0.17200952292757174,1.402903901071379,-0.2338018978591712,-0.08890050178728166,-0.7372024576937091,-0.18603008707705643,0.24367367116859434,-1.9265019701500785,Sao Tome and Principe,STP,Unknown,2000–2009,1,1.085863934850676,5.141495507186114,16.194285714285716,71.23634945201255,44.680100611376346,17.943463313539432,3.662236973313095,4.735585549006602,8.080078230646102
-0.9149402845963305,-0.46225430755818175,-0.08085313523588986,-0.08890050178728166,-0.3471639501895216,-0.30593506784495655,-0.06502295704805099,0.7324388545015867,Saudi Arabia,SAU,Unknown,2000–2009,0,0.5503686694216674,2.091249282838602,5.4338999999999995,78.89568074069521,44.680100611376346,33.03912745104298,3.28697148338663,3.8417381926957064,11.462772634159608
-0.8681367674132019,-0.04519145452071625,-0.5791812857172122,-0.08890050178728166,-0.8107061108582118,-0.18603008707705643,-0.202819647210879,-0.4114775262578387,Senegal,SEN,Unknown,2000–2009,1,0.19870014518325596,2.283410193302656,7.84,53.94052367012754,44.680100611376346,15.098650712468322,3.662236973313095,3.4427406139984926,10.007486565584065
1.0756415653421614,1.4116251593518083,-0.41949483190122144,-0.08890050178728166,-0.48792366860528363,-0.18603008707705643,0.3445137313773489,-0.0961557703964302,Serbia,SRB,Unknown,2000–2009,0,0.1399791915260431,10.26396884877941,16.2446,61.937263435222064,44.680100611376346,27.59130270447971,3.662236973313095,5.027573257938004,10.408637704025882
6.94447441979174,-0.0772585455858968,1.8599676249641486,8.558186331016193,-0.64245115542997,-0.3577460871213831,-0.8205768607643894,-1.2575569862629263,Seychelles,SYC,Unknown,2000–2009,1,0.20634781862016283,34.359599530973355,7.655,176.08763521854252,174.684386535722,21.610623883702182,3.124819023932145,1.653992044353388,8.931107494732844
0.48526699995906303,-0.7715544010539023,-0.935878876784946,-0.08890050178728166,-1.1396214792377621,-0.18603008707705643,0.6940630740052729,-0.9132205199280956,Sierra Leone,SLE,Unknown,2000–2009,0,0.7901606639224679,7.840071654152955,3.6494999999999997,36.07790763450776,44.680100611376346,2.368636021117264,3.662236973313095,6.039711801896788,9.36917103747793
-0.7971133866861483,-0.5605182747195379,6.087134563179709,3.273653289611944,1.2982095276253272,-0.8034377571233529,0.46502145656530497,0.45231044967426687,Singapore,SGP,Unknown,2000–2009,2,0.312649501901781,2.575010447431965,4.867,387.7746828091517,95.23428296036175,96.72003311542136,1.72994199857167,5.376509727366167,11.10639434304112
-0.0905943879141867,1.2714313039273866,1.1336385857009952,-0.08890050178728166,-0.1883347298655042,-0.062430944890613356,0.14384017177136338,0.16936476118133312,Slovak Republic,SVK,Unknown,2000–2009,1,0.4748490124307605,5.475761122492596,15.4358,139.7147045658804,44.680100611376346,39.18629630515203,4.049064045466744,4.446512389953974,10.746431914359125
-0.23173194282442958,-0.3898520160018253,0.6799334430972932,-0.08890050178728166,0.47921607956034634,0.24252716150563697,-0.3545479188592323,-0.0039277904975522845,Slovenia,SVN,Unknown,2000–2009,1,0.13345870947922256,4.896293537906899,5.8515999999999995,116.99416773394789,44.680100611376346,65.0225217545151,5.0034885612035644,3.003403406870588,10.525969789252773
-0.15743364644532032,-0.21724131560233734,0.5706938113597775,-0.08890050178728166,1.0441637705450186,-0.18603008707705643,-0.20967669730057786,0.4274713381025427,Small states,SST,Unknown,2000–2009,2,0.812900791326598,5.2013395929346675,6.847417784313433,111.5236917720589,44.680100611376346,86.8876977160737,3.662236973313095,3.422885664075077,11.074794119778188
-0.17200952292757174,-1.054004805868561,-0.3645071870558687,-0.08890050178728166,-0.7089474185660608,-0.18603008707705643,-0.9290435473743599,-1.4205549484412765,Solomon Islands,SLB,Unknown,2000–2009,1,0.5694700532388666,5.141495507186114,2.02,64.69092146704502,44.680100611376346,19.03701836683996,3.662236973313095,1.3399210367294159,8.723742107232336
-0.17200952292757174,-0.21724131560233734,-0.2338018978591712,-0.08890050178728166,-0.28950477781798095,-0.18603008707705643,1.0350722468523,-0.7620940069083338,"Somalia, Fed. Rep.",SOM,Unknown,2000–2009,0,0.5514653326324512,5.141495507186114,6.847417784313433,71.23634945201255,44.680100611376346,35.270710958365925,3.662236973313095,7.027121834160447,9.561433612513397
-0.10525710074177522,3.545560068019045,-0.6296977422797275,-0.4241996771977725,1.904451207813532,0.21866682910619686,-0.14856779833634867,0.6524513332671555,South Africa,ZAF,Unknown,2000–2009,2,0.19769378132217774,5.415560513299105,28.5556,51.410772728005455,39.6390583837328,120.18341074148493,4.92881310343408,3.5998297016624,11.361012813887536
-0.1285468827702416,-0.8163044465064203,-0.8721840876455429,0.9073537242104626,-0.23334879773018416,-0.18603008707705643,0.7282934182048036,1.1098504678950385,South Asia,SAS,Unknown,2000–2009,0,1.0822701019007164,5.319939799548286,3.39133007769903,39.267599940702425,59.65824547729966,37.44411640015712,3.662236973313095,6.1388275675762545,11.942914253187283
-0.1285468827702416,-0.8163044465064203,-0.8721840876455429,0.9073537242104626,-0.23334879773018416,-0.18603008707705643,0.7282934182048036,1.1098504678950385,South Asia (IDA & IBRD),TSA,Unknown,2000–2009,0,1.0822701019007164,5.319939799548286,3.39133007769903,39.267599940702425,59.65824547729966,37.44411640015712,3.662236973313095,6.1388275675762545,11.942914253187283
-0.20494473396112448,0.7275387723364473,0.2617210987585703,-0.08890050178728166,-0.28950477781798095,-0.18603008707705643,0.3493724313691395,-0.3185508291704074,South Sudan,SSD,Unknown,2000–2009,1,0.32862951751739655,5.00627361534046,12.298,96.05103070317256,44.680100611376346,35.270710958365925,3.662236973313095,5.04164187983342,10.125707556160577
-0.7027138249338049,0.5474950561775114,-0.553575927008456,-0.13996203481200165,2.304267602991741,-0.18603008707705643,-0.49192525820318933,1.1652767015492225,Spain,ESP,Unknown,2000–2009,2,2.1560037267457757,2.9625861431379485,11.2593,55.22278265511174,43.91241800711494,135.65750856043638,3.662236973313095,2.6056200805705583,12.013427296821641
-0.17200952292757174,-0.15248620786853664,-0.20521491386504162,3.2995294404840463,-0.39726240834721654,-0.18603008707705643,0.33500828356604817,-0.11847172242858116,Sri Lanka,LKA,Unknown,2000–2009,1,0.09806960396348874,5.141495507186114,7.221000000000001,72.66792154975228,95.62331693002615,31.100166339242453,3.662236973313095,5.000049732832574,10.380247434732047
-0.18658539940982294,-0.5166643609925611,-0.2338018978591712,3.0058823508266435,0.21767179437588544,-0.18603008707705643,-0.07518878499968662,-1.3990500331135345,St. Kitts and Nevis,KNA,Unknown,2000–2009,1,0.5558674337732632,5.081651421437562,5.12,71.23634945201255,91.20849134277157,54.899970749251395,3.662236973313095,3.81230250208977,8.7511005787157
-0.9143709272382187,1.6161342363396325,-0.2338018978591712,-0.07664135270920464,0.6092407956334086,-0.18603008707705643,-0.7637231717238946,-1.1652297647447554,St. Lucia,LCA,Unknown,2000–2009,1,1.4243406827958334,2.093586889815575,17.424444444444443,71.23634945201255,44.86441030465819,70.054869601329,3.662236973313095,1.8186148973432281,9.048565834770322
-0.5346889862131003,2.053036314906373,-0.2338018978591712,0.25450196638483225,0.005058076895801726,-0.18603008707705643,-0.3083981528862247,-1.3939754150123278,St. Vincent and the Grenadines,VCT,Unknown,2000–2009,1,1.3842874242486072,3.6524446822475976,19.945,71.23634945201255,49.84297147442972,46.67117998025033,3.662236973313095,3.1370324864871924,8.757556488562122
0.7621529746288151,-0.21724131560233734,-0.2338018978591712,-0.08890050178728166,0.0840502685272882,-0.18603008707705643,0.38117964001385163,1.0493082175986945,Sub-Saharan Africa,SSF,Unknown,2000–2009,0,1.2744139688001843,8.976880684531684,6.847417784313433,71.23634945201255,44.680100611376346,49.728415538822546,3.662236973313095,5.133741328806837,11.865892632640167
0.7621529746288151,-0.21724131560233734,-0.2338018978591712,-0.08890050178728166,0.08405026852728802,-0.18603008707705643,0.38117964001385257,1.0493082175986959,Sub-Saharan Africa (IDA & IBRD countries),TSS,Unknown,2000–2009,0,1.274413968800184,8.976880684531684,6.847417784313433,71.23634945201255,44.680100611376346,49.72841553882254,3.662236973313095,5.13374132880684,11.865892632640168
0.39223946678963095,-0.21724131560233734,-0.34587418787070934,-0.08890050178728166,0.09931296633636211,-0.18603008707705643,0.35815761664910056,1.0426333924199973,Sub-Saharan Africa (excluding high income),SSA,Unknown,2000–2009,0,1.1373997784260697,7.458129087697565,6.847417784313433,65.62402031147572,44.680100611376346,50.31912788010469,3.662236973313095,5.067079846819193,11.857400945436346
1.0951682923373136,1.0716099926844667,-1.0408833187992221,-0.08890050178728166,-1.021893982140582,-0.18603008707705643,0.30983660300628524,-0.04012196135774022,Sudan,SDN,Unknown,2000–2009,0,0.4714502750212908,10.344139610799065,14.283000000000001,30.81952048330509,44.680100611376346,6.925044482681474,3.662236973313095,4.927163805142894,10.479923702753421
0.5389000273351566,0.1740781141141676,0.32376746054731764,-0.08890050178728166,-0.7484346862631259,-0.18603008707705643,0.21280845753489477,-1.007612866348953,Suriname,SUR,Unknown,2000–2009,1,0.35772144264812455,8.060272442294766,9.105,99.1581734616138,44.680100611376346,17.50874226231664,3.662236973313095,4.646213696233752,9.24908545339421
-1.0654982852867128,-0.3115736466773087,0.0011020553145104307,-0.08890050178728166,1.2711959009257188,-0.18603008707705643,-0.7064190975358801,0.8087653273314378,Sweden,SWE,Unknown,2000–2009,2,1.8231164858132392,1.4731042323905439,6.3031999999999995,82.99981302974638,44.680100611376346,95.67452445935922,3.662236973313095,1.9845418642644634,11.55987488257662
-1.1919136137030368,-0.7794931727878768,0.38052233784081724,-1.3180994453547017,2.5478330078224896,-1.050898645438162,-0.7224654619459634,0.8413673652575386,Switzerland,CHE,Unknown,2000–2009,2,2.2340508158673336,0.9540816018893933,3.6037,102.00033053424171,26.19975757709305,145.08422278505842,0.955465985178608,1.9380787704198226,11.601351071220346
-0.17200952292757174,0.31088944858144407,-0.24082054489954188,-0.08890050178728166,-0.8694936486203424,-0.18603008707705643,0.2351737849039051,-0.04895677878341616,Syrian Arab Republic,SYR,Unknown,2000–2009,0,0.3650141149013042,5.141495507186114,9.894285714285715,70.88487133634489,44.680100611376346,12.823396068493441,3.662236973313095,4.710973680355728,10.46868408162879
2.1333133910133295,-0.789302043346133,1.0211898554371517,3.3871136938128914,-0.5591946373437756,-0.18603008707705643,1.4852089465378793,-0.9392435483233292,Tajikistan,TJK,Unknown,2000–2009,0,0.21807430459661958,14.606445509196154,3.547111111111111,134.08352414107458,96.94009893214951,24.8329017103952,3.662236973313095,8.330516371758351,9.336064639735302
-0.17200952292757174,-0.962622263114165,-0.9296026342675046,-0.08890050178728166,-0.9992395863020547,-0.18603008707705643,0.8044693647447718,-0.21283859293563318,Tanzania,TZA,Unknown,2000–2009,0,1.1743203199433863,5.141495507186114,2.5472,36.392207795324374,44.680100611376346,7.801837784462822,3.662236973313095,6.359399035501213,10.26019426100897
-0.17200952292757174,-1.1256694580328475,0.8640853556534938,-1.3971193343972068,1.564731163754624,0.7355070053912783,0.09851809151710417,0.5799431748919286,Thailand,THA,Unknown,2000–2009,2,0.703526217732128,5.141495507186114,1.6065555555555555,126.2160828480082,25.01173617203202,107.03522258256032,6.5463629393556975,4.315279917957717,11.268768210596267
-0.17200952292757174,-0.4611102924174779,1.0347711291812696,-0.08890050178728166,-0.8041549673325902,-0.18603008707705643,1.9450187712353313,-1.440812739835606,Timor-Leste,TLS,Unknown,2000–2009,0,0.26654497480322226,5.141495507186114,5.4405,134.76364389584958,44.680100611376346,15.352199683856234,3.662236973313095,9.661919952633072,8.69797022207347
-0.6772553679142729,-0.6711064049875662,-0.5144058967732805,-0.08890050178728166,-0.9117810385166842,-0.18603008707705643,-0.8424604563085107,-0.8146778206181325,Togo,TGO,Unknown,2000–2009,1,0.4696930963089727,3.067110772360616,4.229,57.18432999301259,44.680100611376346,11.186746807343287,3.662236973313095,1.5906269401192015,9.494536684720792
0.02888405173679475,-0.8607355813405804,-0.2530350055605164,-0.08890050178728166,0.008450172212836662,-0.18603008707705643,-1.3156194434740802,-1.6836193207546617,Tonga,TON,Unknown,2000–2009,1,0.9283765883730171,5.96630301177679,3.135,70.27319851787682,44.680100611376346,46.80246427819316,3.662236973313095,0.22057015577405767,8.389072613372932
0.18123612495312913,0.014609336925160947,-0.2338018978591712,-1.972206853990683,-0.2585971285551673,-0.18603008707705643,0.8381367875329613,-0.2979551338875073,Trinidad and Tobago,TTO,Unknown,2000–2009,0,0.7381463077771451,6.591813974677038,8.184999999999999,71.23634945201255,16.365605541641,36.466930007445804,3.662236973313095,6.456884832566365,10.151909321361224
-0.5595112006008399,0.9551457846482777,0.18574123023956593,0.33789103741480525,0.0861955923801329,-0.18603008707705643,0.11010795993977407,-0.032385040608456594,Tunisia,TUN,Unknown,2000–2009,1,0.556384948125564,3.5505322704555753,13.611099999999999,92.24612915133076,51.09668117374951,49.81144602869891,3.662236973313095,4.348838992799067,10.48976658390233
4.121859484609998,0.37644745907956406,-0.7070916198447116,-0.08890050178728166,-0.29059716053553036,-0.10175671435324311,-0.004641141268261077,0.8572761360925584,Turkiye,TUR,Unknown,2000–2009,0,0.7779001073074561,22.77080688293963,10.272499999999999,47.5350607717995,44.680100611376346,35.22843245945755,3.925986554860284,4.0165769226028525,11.621590148965693
-0.17200952292757174,-0.7108002636574384,-0.19026409152307955,-0.08890050178728166,-0.28950477781798095,-0.18603008707705643,1.170961681840603,-0.504915108289545,Turkmenistan,TKM,Unknown,2000–2009,0,0.9606896881339262,5.141495507186114,4.0,73.41662522928041,44.680100611376346,35.270710958365925,3.662236973313095,7.420596854981314,9.88861562912466
-0.17200952292757174,-0.044758115452267946,-0.2338018978591712,-0.08890050178728166,-0.28950477781798095,-0.18603008707705643,-3.339325303345502,-1.403394552152915,Turks and Caicos Islands,TCA,Unknown,2000–2009,1,1.3405462257058693,5.141495507186114,7.842499999999999,71.23634945201255,44.680100611376346,35.270710958365925,3.662236973313095,-5.639176817320355,8.745573498118713
-0.17200952292757174,-0.2722611263876709,-0.2338018978591712,-0.08890050178728166,-0.28950477781798095,-0.18603008707705643,-1.1403696266080234,-2.5125974620165636,Tuvalu,TUV,Unknown,2000–2009,1,1.297045873067438,5.141495507186114,6.53,71.23634945201255,44.680100611376346,35.270710958365925,3.662236973313095,0.7280152367412457,7.334449775179823
-0.17200952292757174,-0.8581355469298899,-0.8393276817639499,-0.08890050178728166,-0.28950477781798095,-0.63178837496101,1.0733216842592317,-0.4433737266157864,Uganda,UGA,Unknown,2000–2009,0,0.9734260393262066,5.141495507186114,3.15,40.91297511920182,44.680100611376346,35.270710958365925,2.267151454594292,7.13787509604114,9.966908340809804
2.4117789122911844,0.08819031074769736,0.29615022383786116,-1.2659857667034815,1.0201142531352883,10.366783833975639,0.24233622036129177,0.2761021910956937,Ukraine,UKR,Unknown,2000–2009,0,0.4427981677021364,15.749739674295547,8.6095,97.77516413477994,26.983258623276736,85.95690901059585,36.68927939327921,4.731712889706079,10.882222866707236
-1.0438919633461303,-0.9387366136612898,0.7391939347470013,-0.08890050178728166,-0.28950477781798095,-0.021192431121852692,0.2962416499965226,0.5459700538109871,United Arab Emirates,ARE,Unknown,2000–2009,0,0.5148799358603207,1.5618131744907,2.685,119.96180035869354,44.680100611376346,35.270710958365925,4.17812783392795,4.887798902205182,11.225547735178036
-0.9513625479738587,-0.47024507998036985,-0.594614355233738,3.210412227924669,2.61632669017033,-0.7108540210124431,-0.7981531738231157,1.4349481197036005,United Kingdom,GBR,Unknown,2000–2009,2,1.5759782622863159,1.941710621793053,5.3878,53.167670132766865,94.28348771281523,147.7351344370387,2.019700446205601,1.7189210116925913,12.356502249269246
-0.7985454304715428,-0.4440193995578736,-1.151731178669645,0.6627644710183102,3.5118698875218293,0.22860104822179225,-0.729193149067608,2.016714940478482,United States,USA,Unknown,2000–2009,2,2.2435615583665216,2.5691309141364416,5.5390999999999995,25.26850806040494,55.98097799741411,182.3953514867595,4.95990413551278,1.9185983977882546,13.09662378583742
0.09333278685938755,-0.3841570267980616,-0.5686083071906642,-0.08890050178728166,0.5370911555132594,-0.18603008707705643,0.8057639610741038,1.8064524981746735,Upper middle income,UMC,Unknown,2000–2009,0,0.2097826282889408,6.230909784190005,5.884455272109177,54.469994741707374,44.680100611376346,67.26246138024116,3.662236973313095,6.363147607402203,12.829128706497565
0.3690443308262751,0.7103612116631532,-0.6080459917994128,1.6147107988226015,-0.2884123951004314,-0.18603008707705643,-0.6381137613796661,-0.18559061201278185,Uruguay,URY,Unknown,2000–2009,1,0.5472998381400831,7.362896961709763,12.1989,52.495043872565745,70.2929775155659,35.312989457274305,3.662236973313095,2.1823235650166675,10.294859038697975
-0.17200952292757174,-1.103925466553815,-0.32504368139829326,-0.08890050178728166,-0.28950477781798095,-0.18603008707705643,0.8395054874174551,-0.2594593142436095,Uzbekistan,UZB,Unknown,2000–2009,0,1.1091713151701188,5.141495507186114,1.732,66.6671653964494,44.680100611376346,35.270710958365925,3.662236973313095,6.460847975216822,10.200883556688607
-0.7221407735718373,-0.31464168728192304,0.24283504114549814,-0.08890050178728166,-0.08946194206830989,-0.18603008707705643,-0.32516446981602337,-1.5318300125732236,Vanuatu,VUT,Unknown,2000–2009,1,1.0687367603735938,2.882825040500807,6.285500000000001,95.10525925975162,44.680100611376346,43.01297076987544,3.662236973313095,3.088484732177892,8.582178393892061
-0.17200952292757174,0.5708433651855106,-0.6381787632412074,-0.08890050178728166,-0.8086418107987078,-0.18603008707705643,-0.018100971479149883,0.5185265579135563,"Venezuela, RB",VEN,Unknown,2000–2009,0,0.4973389661930472,5.141495507186114,11.394,50.986062203408196,44.680100611376346,15.178545337685463,3.662236973313095,3.9776032748506878,11.190634224082036
0.8328179199160751,-1.025453951815933,0.9597589141830526,-0.08890050178728166,0.40741532874981384,-0.7255258537371163,0.903134128279088,0.15649041646337597,Viet Nam,VNM,Unknown,2000–2009,0,0.8040958982346704,9.267009312497006,2.1847142857142856,131.0072002639102,44.680100611376346,62.24361659975997,1.9737821493985548,6.645088058266616,10.730053221978093
-0.17200952292757174,-0.21724131560233734,8.499361392930913,-0.08890050178728166,-0.28950477781798095,-0.18603008707705643,-0.9717150049436426,-0.7260161282206273,Virgin Islands (U.S.),VIR,Unknown,2000–2009,1,0.4730585388589166,5.141495507186114,6.847417784313433,508.57359687438276,44.680100611376346,35.270710958365925,3.662236973313095,1.2163635824138872,9.60733175255325
-0.4599993340901722,2.1748739273913213,-0.024365759951274737,-0.08890050178728166,-0.6206496182573668,0.6061314263758861,-0.1592099630265917,-0.65128135234977,West Bank and Gaza,PSE,Unknown,2000–2009,1,0.9181201623052249,3.959097524127588,20.6479,81.72444191216451,44.680100611376346,22.45440898826749,6.141457407218465,3.569014752925341,9.702409050153246
-0.21701969810741226,-0.3699812573938902,-0.5752539787056672,-0.08890050178728166,2.0429216502318264,-0.18603008707705643,-0.35028369773461887,2.4590027366107234,World,WLD,Unknown,2000–2009,2,1.8212098351935795,4.9566975098718755,5.966237474755531,54.13719440454779,44.680100611376346,125.54263361692281,3.662236973313095,3.015750683875136,13.659300637780845
-0.17200952292757174,1.2799594167944508,-0.14950006784686307,-0.08890050178728166,-1.0266683186523375,-0.18603008707705643,0.032985620136958486,-0.2687286867559655,"Yemen, Rep.",YEM,Unknown,2000–2009,1,0.47874421052407734,5.141495507186114,15.485,75.45799618672234,44.680100611376346,6.740263290378015,3.662236973313095,4.125527193303551,10.189091096235586
-0.17200952292757174,0.7197964476468358,-0.4092500368529938,-0.08890050178728166,-0.28950477781798095,3.079983237989827,0.9629730643072411,-0.5047383351754471,Zambia,ZMB,Unknown,2000–2009,0,0.3739041356959598,5.141495507186114,12.253333333333332,62.45029981363528,44.680100611376346,35.270710958365925,13.883848141493184,6.818354851241381,9.888840519208037
-0.17200952292757174,-0.6431993689794901,-0.11950739501782737,-0.08890050178728166,-0.3650711292899769,-0.18603008707705643,-3.137195190026223,-0.5879048004491564,Zimbabwe,ZWE,Unknown,2000–2009,1,0.976240597490067,5.141495507186114,4.39,76.95996203130046,44.680100611376346,32.34606572470127,3.662236973313095,-5.053898421294398,9.7830364584207
