Year,Indicator,alignment
1975,Inflation,0.1294414541
1975,Credit_to_Private_Sector,0.1254487932
1975,Trade,0.2999820475
1975,GDP,0.4116683626
1975,GDP_Growth,0.3246339305
1975,Unemployment,0.5036527898
1976,Inflation,0.2961768588
1976,Credit_to_Private_Sector,0.2280568942
1976,Trade,0.3665448795
1976,GDP,0.5012280108
1976,GDP_Growth,0.1102006032
1976,Unemployment,0.6606082226
1977,Inflation,0.1916949925
1977,Credit_to_Private_Sector,0.1301721827
1977,Trade,0.3929004752
1977,GDP,0.4693955619
1977,GDP_Growth,0.1756807699
1977,Unemployment,0.1017169039
1978,Inflation,0.2215488972
1978,Credit_to_Private_Sector,0.2734694179
1978,Trade,0.3363071223
1978,GDP,0.2769570130
1978,GDP_Growth,0.7526440634
1978,Unemployment,0.1797199420
1979,Inflation,0.3791460758
1979,Credit_to_Private_Sector,0.4451255901
1979,Trade,0.3006225910
1979,GDP,0.3675407743
1979,GDP_Growth,0.7440239891
1979,Unemployment,0.0871667802
1980,Inflation,0.2404539734
1980,Credit_to_Private_Sector,0.1231016222
1980,Trade,0.0914691243
1980,GDP,0.4782033582
1980,GDP_Growth,0.1678246878
1980,Unemployment,0.3893342006
1981,Inflation,0.3427645219
1981,Credit_to_Private_Sector,0.3548050655
1981,Trade,0.3310794844
1981,GDP,0.2749904725
1981,GDP_Growth,0.7353149354
1981,Unemployment,0.4423346155
1982,Inflation,0.0555288626
1982,Credit_to_Private_Sector,0.2423057090
1982,Trade,0.3037531472
1982,GDP,0.3355342078
1982,GDP_Growth,0.8118090462
1982,Unemployment,0.3443820291
1983,Inflation,0.5768969782
1983,Credit_to_Private_Sector,0.2601662876
1983,Trade,0.0346159457
1983,GDP,0.1227263267
1983,GDP_Growth,0.9136907914
1983,Unemployment,0.3955393463
1984,Inflation,0.1555355783
1984,Credit_to_Private_Sector,0.3776588405
1984,Trade,0.2554685792
1984,GDP,0.3487300694
1984,GDP_Growth,0.7180875837
1984,Unemployment,0.3517563814
1985,Inflation,0.1701598130
1985,Credit_to_Private_Sector,0.2182932789
1985,Trade,0.3672589386
1985,GDP,0.4590493878
1985,GDP_Growth,0.7324340247
1985,Unemployment,0.2744147961
1986,Inflation,0.5354427802
1986,Credit_to_Private_Sector,0.1858339990
1986,Trade,0.3672982321
1986,GDP,0.5127669917
1986,GDP_Growth,0.7294125415
1986,Unemployment,0.0438363228
1987,Inflation,0.4720328818
1987,Credit_to_Private_Sector,0.2677333869
1987,Trade,0.5161845030
1987,GDP,0.8625997123
1987,GDP_Growth,0.2455512807
1987,Unemployment,0.5705828773
1988,Inflation,0.4371166786
1988,Credit_to_Private_Sector,0.2799928802
1988,Trade,0.3977651465
1988,GDP,0.5723313507
1988,GDP_Growth,0.6041313616
1988,Unemployment,0.3028693547
1989,Inflation,0.3893912340
1989,Credit_to_Private_Sector,0.3087624174
1989,Trade,0.2171851309
1989,GDP,0.4518785580
1989,GDP_Growth,0.7086286930
1989,Unemployment,0.3002510478
1990,Inflation,0.2724217246
1990,Credit_to_Private_Sector,0.2287522415
1990,Debt,0.2065088086
1990,Trade,0.5266892694
1990,GDP,1.1008180493
1990,GDP_Growth,0.0328097494
1990,Unemployment,0.3426975598
1991,Inflation,0.1634505948
1991,Credit_to_Private_Sector,0.1141330266
1991,Debt,0.2054739256
1991,Trade,0.2980373713
1991,GDP,0.2248770049
1991,GDP_Growth,0.7423107115
1991,Unemployment,0.1946213890
1992,Inflation,0.5276795191
1992,Credit_to_Private_Sector,0.2118757653
1992,Debt,0.0630523054
1992,Trade,0.4082691708
1992,GDP,0.4216653642
1992,GDP_Growth,0.6001756723
1992,Unemployment,0.1403501173
1993,Inflation,0.0590843442
1993,Credit_to_Private_Sector,0.1963033539
1993,Debt,0.0918182228
1993,Trade,0.1838657860
1993,GDP,0.1494892434
1993,GDP_Growth,0.6818354948
1993,Unemployment,0.3059483257
1994,Inflation,0.4576823523
1994,Credit_to_Private_Sector,0.4939355325
1994,Debt,0.2239903897
1994,Trade,0.2977981451
1994,GDP,0.4275098751
1994,GDP_Growth,0.8113319581
1994,Unemployment,0.4534482357
1995,Inflation,0.2783251955
1995,Credit_to_Private_Sector,0.2415329649
1995,Debt,0.2471439027
1995,Trade,0.1694065653
1995,GDP,0.2044624401
1995,GDP_Growth,0.7748518794
1995,Unemployment,0.4670262139
1996,Inflation,0.3635403072
1996,Credit_to_Private_Sector,0.2864853114
1996,Debt,0.1866430004
1996,Trade,0.1960358916
1996,GDP,0.5398405212
1996,GDP_Growth,0.7322107292
1996,Unemployment,0.0278534334
1997,Inflation,0.3537541197
1997,Credit_to_Private_Sector,0.4827192810
1997,Debt,0.1377906051
1997,Trade,0.3500252451
1997,GDP,0.5678645575
1997,GDP_Growth,0.7000200357
1997,Unemployment,0.1027754772
1998,Inflation,0.2634727396
1998,Credit_to_Private_Sector,0.2810573955
1998,Debt,0.1431879340
1998,Trade,0.2658836719
1998,GDP,0.5014211423
1998,GDP_Growth,0.6820236976
1998,Unemployment,0.1527095604
1999,Inflation,0.2118156568
1999,Credit_to_Private_Sector,0.2723965982
1999,Debt,0.1759563585
1999,Trade,0.1812170722
1999,GDP,0.4003362968
1999,GDP_Growth,0.7414726325
1999,Unemployment,0.1793394904
2000,Inflation,0.3797797155
2000,Credit_to_Private_Sector,0.5293008105
2000,Debt,0.0477261156
2000,Trade,0.3890347581
2000,GDP,0.5460385942
2000,GDP_Growth,0.0767430214
2000,Unemployment,0.2337390427
2001,Inflation,0.3511739407
2001,Credit_to_Private_Sector,0.3764728620
2001,Debt,0.1953434743
2001,Trade,0.1406645325
2001,GDP,0.5738145083
2001,GDP_Growth,0.7450619223
2001,Unemployment,0.0398148862
2002,Inflation,0.5396451044
2002,Credit_to_Private_Sector,0.5243288685
2002,Debt,0.0868125235
2002,Trade,0.1077944144
2002,GDP,0.1957984504
2002,GDP_Growth,0.6304893000
2002,Unemployment,0.1190839026
2003,Inflation,0.3817655087
2003,Credit_to_Private_Sector,0.5797946659
2003,Debt,0.1296561110
2003,Trade,0.0838233272
2003,GDP,0.2749903576
2003,GDP_Growth,0.6088690614
2003,Unemployment,0.3427047262
2004,Inflation,0.3757973885
2004,Credit_to_Private_Sector,0.4135734533
2004,Debt,0.1979525743
2004,Trade,0.1384152427
2004,GDP,0.1157535767
2004,GDP_Growth,0.6405135410
2004,Unemployment,0.2471171745
2005,NPLs,0.2664437257
2005,Inflation,0.4818280058
2005,Credit_to_Private_Sector,0.5058289049
2005,Debt,0.4313669529
2005,Trade,0.2308351002
2005,GDP,0.6631858642
2005,GDP_Growth,0.6366355226
2005,Unemployment,0.2803762704
2006,NPLs,0.2260695115
2006,Inflation,0.2839654616
2006,Credit_to_Private_Sector,0.2974657493
2006,Debt,0.3295799259
2006,Trade,0.2402776903
2006,GDP,0.5618398637
2006,GDP_Growth,0.5172802625
2006,Unemployment,0.0905574147
2007,NPLs,0.3258464619
2007,Inflation,0.2967741367
2007,Credit_to_Private_Sector,0.1510131246
2007,Debt,0.1833921129
2007,Trade,0.4763343327
2007,GDP,0.4401076491
2007,GDP_Growth,0.5424353471
2007,Unemployment,0.1193834198
2008,NPLs,0.2693179190
2008,Inflation,0.3256804575
2008,Credit_to_Private_Sector,0.4744403896
2008,Debt,0.3514542677
2008,Trade,0.2243605192
2008,GDP,0.2590338924
2008,GDP_Growth,0.6185512596
2008,Unemployment,0.1637768799
2009,NPLs,0.4063806969
2009,Inflation,0.2743387319
2009,Credit_to_Private_Sector,0.6038647966
2009,Debt,0.2575136383
2009,Trade,0.1699051643
2009,GDP,0.3161851233
2009,GDP_Growth,0.6443357277
2009,Unemployment,0.1218527325
2010,NPLs,0.2482356906
2010,Inflation,0.3853166725
2010,Credit_to_Private_Sector,0.6750753980
2010,Debt,0.2652104930
2010,Trade,0.3993415117
2010,GDP,0.5765026979
2010,GDP_Growth,0.6709905502
2010,Unemployment,0.1993036042
2011,NPLs,0.0607123189
2011,Inflation,0.2619962731
2011,Credit_to_Private_Sector,0.5930953211
2011,Debt,0.3721775842
2011,Trade,0.1977280300
2011,GDP,0.5876083082
2011,GDP_Growth,0.6050661473
2011,Unemployment,0.1048019363
2012,NPLs,0.2326681588
2012,Inflation,0.2854499531
2012,Credit_to_Private_Sector,0.5498282373
2012,Debt,0.2448515631
2012,Trade,0.5723895034
2012,GDP,0.5737529634
2012,GDP_Growth,0.6527497442
2012,Unemployment,0.2710054948
2013,NPLs,0.1858241579
2013,Inflation,0.3473913446
2013,Credit_to_Private_Sector,0.5522296699
2013,Debt,0.3649729446
2013,Trade,0.3732653962
2013,GDP,0.4178474883
2013,GDP_Growth,0.9005938056
2013,Unemployment,0.4504912190
2014,NPLs,0.1584381356
2014,Inflation,0.1661724416
2014,Credit_to_Private_Sector,0.6514415267
2014,Debt,0.2368919736
2014,Trade,0.1533407139
2014,GDP,0.4920338940
2014,GDP_Growth,0.5666105633
2014,Unemployment,0.4380577180
2015,NPLs,0.0322280360
2015,Inflation,0.1488410422
2015,Credit_to_Private_Sector,0.4607989307
2015,Debt,0.1390995419
2015,Trade,0.3678062120
2015,GDP,0.5320677887
2015,GDP_Growth,0.6940064746
2015,Unemployment,0.2313610267
2016,NPLs,0.1826854730
2016,Inflation,0.1602370710
2016,Credit_to_Private_Sector,0.1387872249
2016,Debt,0.1967840460
2016,Trade,0.5184844430
2016,GDP,0.4804262568
2016,GDP_Growth,1.0071047908
2016,Unemployment,0.1821546524
2017,NPLs,0.1432761622
2017,Inflation,0.0511932068
2017,Credit_to_Private_Sector,0.2095716870
2017,Debt,0.1157737307
2017,Trade,0.4090641079
2017,GDP,0.4211139500
2017,GDP_Growth,0.7493838935
2017,Unemployment,0.2881014265
2018,NPLs,0.0208955344
2018,Inflation,0.1275428158
2018,Credit_to_Private_Sector,0.3963013208
2018,Debt,0.2635677590
2018,Trade,0.4255509295
2018,GDP,0.4352669537
2018,GDP_Growth,1.0207703394
2018,Unemployment,0.1605599543
2019,NPLs,0.1581369858
2019,Inflation,0.0586190528
2019,Credit_to_Private_Sector,0.4896243567
2019,Debt,0.2260665324
2019,Trade,0.3075181463
2019,GDP,0.5427565497
2019,GDP_Growth,0.9258292405
2019,Unemployment,0.2311129907
2020,NPLs,0.1165734280
2020,Inflation,0.3661973544
2020,Credit_to_Private_Sector,0.4591224951
2020,Debt,0.3667270839
2020,Trade,0.5126300620
2020,GDP,0.2612598276
2020,GDP_Growth,0.9266284024
2020,Unemployment,0.1880648227
2021,NPLs,0.1448467603
2021,Inflation,0.2262970665
2021,Credit_to_Private_Sector,0.3301830571
2021,Debt,0.2172831422
2021,Trade,0.2965885344
2021,GDP,0.4555834884
2021,GDP_Growth,0.5164542631
2021,Unemployment,0.2173784275
2022,NPLs,0.2183060788
2022,Inflation,0.1026511795
2022,Credit_to_Private_Sector,0.3222297000
2022,Debt,0.1821867624
2022,Trade,0.4179137878
2022,GDP,0.5525527687
2022,GDP_Growth,0.7363412044
2022,Unemployment,0.0965365899
2023,NPLs,0.3463958320
2023,Inflation,0.1388009213
2023,Credit_to_Private_Sector,0.2786183932
2023,Debt,0.3336496166
2023,Trade,0.2703272343
2023,GDP,0.5663702988
2023,GDP_Growth,0.8757843036
2023,Unemployment,0.1142383101
